1,36,1427,97
2,807,791,85
3,35,2273,86
4,678,896,63
5,87,2190,77
6,238,1432,95
7,358,2841,90
8,373,1592,83
9,930,685,69
10,349,527,76
11,290,1161,85
12,319,1300,91
13,949,2485,69
14,193,2722,81
15,522,2046,98
16,703,1071,88
17,105,1946,61
18,558,42,64
19,741,522,81
20,471,2467,100
21,974,1152,76
22,7,1820,69
23,572,2425,91
24,981,397,62
25,380,2588,85
26,761,1546,96
27,49,289,82
28,340,1925,71
29,635,2067,78
30,812,2732,61
31,634,2920,75
32,190,859,92
33,767,1638,70
34,75,2876,79
35,287,838,73
36,951,1948,70
37,250,876,67
38,450,1608,97
39,924,1570,88
40,879,1981,91
41,941,1306,63
42,862,608,84
43,471,344,81
44,509,1304,97
45,972,1948,62
46,261,551,78
47,442,1484,92
48,676,2360,65
49,609,2862,94
50,57,2682,68
51,21,767,94
52,565,1842,73
53,403,2445,70
54,317,1819,66
55,644,2190,76
56,543,2153,91
57,12,385,70
58,93,65,73
59,306,655,91
60,107,532,74
61,149,2108,90
62,456,2735,99
63,223,1356,90
64,633,1194,98
65,579,1777,79
66,409,2787,60
67,660,1160,80
68,726,1435,68
69,234,2160,87
70,849,989,77
71,88,636,91
72,269,1432,90
73,830,2890,75
74,382,2262,82
75,919,2620,91
76,775,2297,71
77,190,28,73
78,133,2843,78
79,684,930,71
80,669,1310,85
81,291,2869,82
82,761,456,98
83,634,1665,86
84,210,1914,70
85,976,150,77
86,403,1761,93
87,230,298,68
88,584,2425,70
89,222,2484,98
90,337,1977,67
91,42,1160,100
92,591,305,71
93,973,63,61
94,239,1094,74
95,819,2518,61
96,957,148,88
97,419,1579,82
98,329,2491,91
99,61,497,60
100,177,2037,66
101,278,74,68
102,255,200,64
103,731,189,66
104,324,711,98
105,281,2931,79
106,996,203,89
107,709,2490,92
108,961,1403,72
109,932,2877,65
110,323,2490,71
111,359,1428,66
112,705,582,92
113,118,479,96
114,943,396,66
115,548,1934,98
116,896,341,94
117,477,676,82
118,714,1341,69
119,421,2757,70
120,573,1208,86
121,166,2131,94
122,281,917,87
123,177,249,92
124,29,855,92
125,702,1618,86
126,476,284,83
127,147,2114,83
128,29,61,65
129,158,2283,76
130,23,525,81
131,84,567,81
132,550,2378,63
133,35,1732,65
134,326,2154,99
135,237,286,97
136,492,1094,76
137,572,281,88
138,631,576,76
139,892,2973,94
140,917,158,97
141,609,1220,73
142,954,1385,65
143,568,1969,84
144,840,1727,63
145,793,2875,98
146,114,2277,84
147,124,1207,84
148,709,2565,63
149,442,59,73
150,57,1112,89
151,378,580,74
152,156,2227,74
153,201,464,93
154,701,57,74
155,293,976,71
156,943,1270,61
157,524,1229,82
158,324,1425,93
159,951,1081,97
160,580,2123,67
161,707,2047,97
162,230,2109,69
163,674,2456,77
164,587,2806,97
165,856,2835,63
166,322,357,81
167,341,832,69
168,312,230,85
169,282,2490,85
170,870,2339,68
171,263,2776,86
172,904,25,86
173,147,1694,87
174,712,1721,64
175,457,2322,92
176,275,2227,100
177,440,1998,100
178,44,2459,63
179,199,2266,91
180,140,2062,75
181,317,735,66
182,24,2982,76
183,53,477,95
184,685,2127,88
185,299,2224,79
186,497,1570,82
187,54,2414,67
188,965,384,78
189,917,220,66
190,275,769,96
191,516,1775,74
192,531,1158,66
193,637,2269,96
194,444,2938,88
195,451,2063,71
196,65,2246,83
197,678,587,87
198,966,1336,88
199,735,308,88
200,354,512,65
201,361,414,91
202,434,896,72
203,634,2482,94
204,424,535,67
205,905,1718,60
206,838,2467,97
207,998,1359,87
208,460,2105,74
209,676,2879,68
210,714,1521,72
211,81,2367,99
212,249,2067,67
213,596,908,88
214,905,971,76
215,6,2785,80
216,269,2030,78
217,587,2864,88
218,78,2079,71
219,544,2088,99
220,75,2042,74
221,589,2405,84
222,195,2238,69
223,131,515,98
224,967,2946,98
225,381,2337,84
226,279,491,68
227,592,2903,83
228,958,566,80
229,597,421,77
230,376,1062,73
231,106,484,80
232,34,422,60
233,633,1554,74
234,408,1773,96
235,611,1124,76
236,994,156,93
237,441,1721,90
238,265,718,92
239,434,2337,74
240,742,2401,86
241,534,871,78
242,234,1129,89
243,21,110,88
244,162,2287,100
245,288,635,81
246,777,2584,80
247,849,2292,89
248,265,2461,73
249,423,2107,87
250,872,936,83
251,638,524,73
252,764,939,91
253,404,1485,86
254,503,2617,72
255,745,2191,89
256,893,1049,69
257,307,2168,71
258,350,91,89
259,725,2117,97
260,251,977,95
261,434,90,61
262,548,991,81
263,941,2515,67
264,694,912,96
265,446,2379,60
266,34,2426,69
267,29,2135,83
268,684,382,64
269,370,2779,94
270,798,286,73
271,905,229,74
272,157,2143,87
273,825,2921,97
274,478,1486,79
275,973,2288,98
276,990,2206,91
277,592,222,72
278,989,276,97
279,762,471,70
280,475,1072,67
281,980,416,63
282,173,2057,66
283,736,2912,72
284,872,311,91
285,197,2981,83
286,860,1750,69
287,926,1896,74
288,256,2460,99
289,6,170,63
290,484,88,98
291,901,1355,68
292,278,80,62
293,534,626,98
294,658,1210,63
295,84,778,79
296,353,590,65
297,785,1176,72
298,852,1550,62
299,469,2850,65
300,228,2968,88
301,129,610,82
302,986,2027,64
303,675,697,90
304,999,2343,96
305,881,1005,70
306,417,2488,90
307,110,941,100
308,890,830,91
309,27,448,99
310,49,307,61
311,747,1162,82
312,247,1575,90
313,580,473,90
314,251,2257,69
315,621,474,77
316,557,2860,92
317,246,939,99
318,872,134,82
319,697,2361,90
320,359,2107,60
321,934,827,76
322,633,1918,73
323,298,2482,87
324,15,2787,64
325,800,586,100
326,410,1880,79
327,606,25,95
328,681,157,60
329,537,379,76
330,532,2982,65
331,481,155,95
332,220,2270,78
333,658,1639,76
334,29,1450,74
335,548,2888,94
336,469,556,99
337,870,2931,76
338,114,199,82
339,260,2303,79
340,136,2513,72
341,701,2347,78
342,869,2682,61
343,99,524,63
344,939,2081,74
345,854,2033,95
346,948,1385,61
347,106,2230,97
348,954,1911,63
349,343,89,85
350,49,998,95
351,671,1842,82
352,299,376,65
353,924,1407,70
354,364,2039,64
355,739,2284,71
356,86,2386,91
357,434,1379,62
358,488,1696,63
359,782,1297,89
360,170,115,95
361,261,580,75
362,694,1885,92
363,115,1899,80
364,732,1976,92
365,934,650,91
366,358,75,68
367,562,940,62
368,436,1606,100
369,608,2402,75
370,951,898,63
371,341,2680,71
372,145,1391,64
373,439,1302,88
374,222,657,95
375,443,1108,90
376,86,2619,75
377,653,201,78
378,140,2719,91
379,237,1265,85
380,750,2190,70
381,831,376,74
382,254,1757,83
383,129,1127,83
384,976,2622,65
385,252,1640,99
386,335,2110,94
387,319,978,73
388,651,1803,79
389,759,1727,79
390,43,2904,90
391,714,1515,68
392,59,2757,87
393,83,1870,99
394,143,2510,77
395,733,2897,72
396,397,727,84
397,143,2479,82
398,257,739,71
399,388,1273,73
400,92,370,75
401,18,1673,99
402,795,1095,73
403,995,441,67
404,923,1557,67
405,585,60,66
406,497,42,66
407,671,2231,90
408,85,80,71
409,782,1757,89
410,241,1594,74
411,807,7,98
412,266,1946,84
413,379,1746,84
414,970,1178,99
415,342,2136,79
416,73,2125,65
417,466,1578,88
418,139,2254,87
419,304,1962,83
420,59,1748,66
421,408,1258,61
422,306,2067,74
423,753,765,75
424,549,1141,60
425,132,2566,88
426,446,478,77
427,193,1819,89
428,754,872,66
429,871,522,67
430,768,1143,84
431,397,2394,82
432,972,122,97
433,319,78,66
434,35,249,81
435,859,1422,77
436,895,2482,63
437,77,1747,80
438,198,2421,80
439,127,1479,95
440,241,1151,64
441,881,2992,75
442,290,1218,88
443,401,1325,90
444,199,1251,70
445,41,2938,84
446,99,658,93
447,292,2043,67
448,848,1374,82
449,320,2038,78
450,865,1938,100
451,857,1067,90
452,728,300,93
453,477,1442,61
454,768,1695,91
455,474,1544,89
456,980,2338,88
457,660,1695,73
458,570,914,61
459,385,2085,83
460,738,29,73
461,793,2719,93
462,70,2885,82
463,138,1012,77
464,589,314,69
465,997,1433,80
466,309,2041,60
467,294,2341,73
468,472,164,91
469,821,2111,67
470,541,676,76
471,904,504,82
472,692,1239,65
473,789,2101,82
474,546,2148,100
475,888,2660,86
476,887,2347,61
477,133,2695,94
478,560,1330,89
479,224,1406,62
480,654,1842,96
481,628,1609,63
482,992,1970,94
483,15,2180,66
484,955,2411,87
485,164,2792,75
486,497,821,61
487,567,1968,86
488,486,390,93
489,17,1878,74
490,263,289,63
491,534,1631,90
492,773,116,100
493,647,805,92
494,254,1606,82
495,635,2847,91
496,228,248,88
497,617,2908,81
498,367,2766,77
499,940,983,65
500,212,2469,62
501,217,2092,71
502,103,311,73
503,795,1656,62
504,506,2744,76
505,732,2194,99
506,422,2166,91
507,997,348,85
508,807,264,63
509,583,154,83
510,272,1673,78
511,416,1633,92
512,933,1031,84
513,117,1375,92
514,749,1801,84
515,217,2955,93
516,748,91,96
517,80,572,82
518,209,702,88
519,323,1789,76
520,245,2229,78
521,731,598,70
522,114,2196,68
523,537,2857,70
524,527,358,69
525,197,1084,67
526,497,2368,64
527,216,2311,64
528,860,1137,67
529,358,226,97
530,366,2891,74
531,745,1237,86
532,908,2009,64
533,818,2032,71
534,645,102,61
535,418,1353,85
536,857,2754,94
537,719,95,99
538,354,683,90
539,18,384,92
540,10,52,84
541,4,2170,94
542,122,15,64
543,122,1819,67
544,736,983,68
545,858,1843,71
546,980,2434,75
547,156,576,99
548,610,2298,63
549,955,339,85
550,580,2834,95
551,738,628,83
552,152,1908,97
553,504,1058,91
554,633,1086,93
555,311,20,87
556,482,2412,60
557,170,1463,84
558,142,2381,67
559,252,704,69
560,759,1201,97
561,717,2624,82
562,699,400,81
563,856,599,66
564,723,1174,76
565,628,1039,91
566,299,2249,63
567,40,789,71
568,637,2890,64
569,49,2445,90
570,306,1136,75
571,327,1725,82
572,343,820,61
573,862,2707,100
574,69,308,78
575,412,1585,83
576,772,692,62
577,118,459,91
578,812,60,67
579,460,308,61
580,666,1403,75
581,972,276,69
582,337,851,69
583,841,1007,86
584,619,1500,79
585,70,1996,87
586,10,412,100
587,649,107,75
588,738,1837,77
589,676,129,96
590,426,749,96
591,499,928,67
592,987,598,77
593,637,1084,75
594,65,2092,85
595,140,2470,73
596,446,1806,71
597,590,883,86
598,638,2593,95
599,798,240,79
600,888,2682,83
601,84,1047,86
602,743,696,63
603,951,936,86
604,641,1968,87
605,701,657,61
606,365,1144,89
607,151,2362,73
608,569,1647,96
609,792,251,100
610,971,1132,73
611,204,2160,78
612,78,915,99
613,673,1839,96
614,788,68,79
615,967,2355,74
616,284,2414,96
617,334,547,66
618,350,1421,96
619,871,2046,63
620,452,2629,76
621,656,2427,82
622,827,2214,100
623,168,2082,66
624,13,2319,66
625,40,2746,76
626,654,2339,77
627,557,1528,88
628,962,447,67
629,796,23,89
630,529,289,98
631,106,1427,83
632,865,214,77
633,223,2193,72
634,688,2767,90
635,307,529,97
636,773,1645,60
637,808,2730,74
638,641,2264,89
639,598,185,63
640,122,476,88
641,245,2348,64
642,782,929,85
643,969,2444,77
644,295,2943,95
645,471,2877,91
646,232,987,93
647,841,1030,84
648,523,2034,83
649,115,512,80
650,168,1571,70
651,69,1974,91
652,894,608,84
653,308,1870,93
654,202,2830,78
655,646,399,87
656,219,1127,77
657,260,2341,62
658,419,725,99
659,221,1363,88
660,948,2052,64
661,498,1613,82
662,185,2502,60
663,258,1536,66
664,748,1009,85
665,932,1925,91
666,197,638,79
667,603,1467,85
668,758,1167,99
669,505,2302,100
670,480,2360,66
671,599,498,66
672,441,510,86
673,518,1255,75
674,46,1268,78
675,166,1876,82
676,640,304,76
677,268,127,80
678,302,1686,89
679,550,1896,62
680,279,2772,83
681,543,2256,83
682,362,360,62
683,539,1593,78
684,287,673,77
685,245,176,75
686,750,2249,64
687,758,476,72
688,605,620,62
689,225,1520,92
690,188,2003,96
691,588,2897,91
692,347,2266,85
693,647,1123,85
694,214,1777,64
695,741,735,93
696,193,2360,99
697,524,1317,90
698,144,928,84
699,704,2583,93
700,961,274,73
701,990,1251,69
702,128,271,83
703,918,2571,69
704,608,2547,100
705,668,868,83
706,982,1594,72
707,121,2459,99
708,555,1098,92
709,68,671,78
710,724,1987,100
711,458,1481,90
712,935,2013,71
713,3,225,83
714,715,522,67
715,249,2446,100
716,17,274,69
717,897,2915,72
718,225,2672,91
719,834,1857,68
720,185,1148,64
721,10,2094,99
722,727,1271,73
723,7,1974,73
724,125,714,90
725,10,1897,98
726,14,2738,66
727,852,2218,94
728,119,2353,68
729,133,202,62
730,417,762,88
731,780,1957,77
732,292,2634,64
733,617,1918,71
734,772,1167,85
735,537,2707,99
736,598,935,62
737,795,2974,81
738,800,2350,72
739,754,1277,85
740,610,2556,61
741,162,293,99
742,192,814,63
743,111,1613,65
744,652,2455,81
745,528,500,70
746,624,1228,62
747,828,2504,66
748,529,1437,100
749,798,213,63
750,106,2835,73
751,740,1036,83
752,943,385,99
753,540,219,80
754,953,370,67
755,954,715,95
756,164,1817,90
757,110,1909,95
758,345,240,69
759,932,2635,71
760,362,2179,60
761,217,1243,66
762,628,138,95
763,674,1328,93
764,283,388,60
765,206,1658,74
766,979,1331,73
767,451,293,82
768,748,885,74
769,877,2731,63
770,332,1074,61
771,557,2550,70
772,636,1243,94
773,161,315,67
774,836,1668,88
775,690,1008,96
776,18,541,74
777,264,513,67
778,325,1977,68
779,304,113,60
780,429,56,92
781,694,2833,74
782,64,1829,80
783,96,31,99
784,32,2239,87
785,176,1098,65
786,590,495,91
787,259,1284,96
788,192,2917,82
789,517,2465,100
790,347,2472,87
791,967,2843,96
792,514,1227,80
793,142,284,78
794,681,612,69
795,356,1195,88
796,167,1900,84
797,556,1280,97
798,541,1216,61
799,74,2871,92
800,795,434,85
801,857,894,98
802,722,1387,71
803,954,1581,73
804,127,1684,88
805,993,2608,85
806,50,854,69
807,700,242,87
808,410,2478,71
809,634,672,84
810,200,2974,94
811,431,1075,83
812,776,2764,83
813,345,101,95
814,159,1015,85
815,144,1889,93
816,843,1568,79
817,316,1011,76
818,868,1217,79
819,860,1518,78
820,940,2533,93
821,438,1589,76
822,670,1291,67
823,101,2433,65
824,451,1839,91
825,624,1873,74
826,748,1334,96
827,498,1556,79
828,910,2240,89
829,923,1361,98
830,473,1145,66
831,840,753,61
832,548,1220,88
833,31,2225,81
834,688,1541,74
835,514,2088,85
836,361,1823,74
837,606,2600,80
838,634,1345,75
839,930,1171,80
840,787,1363,60
841,668,2241,67
842,887,1505,67
843,888,841,73
844,117,819,67
845,885,2088,78
846,148,253,80
847,439,1462,85
848,792,436,72
849,830,2683,79
850,49,2718,78
851,727,2904,68
852,950,2990,92
853,647,913,87
854,970,519,63
855,88,177,92
856,302,690,80
857,630,377,82
858,828,1605,78
859,268,2403,80
860,227,2177,69
861,854,729,79
862,780,296,99
863,913,1199,99
864,143,1957,100
865,411,1136,94
866,168,1178,97
867,494,1960,78
868,819,1615,79
869,385,1595,99
870,196,1179,61
871,440,1539,81
872,624,2028,82
873,740,2023,98
874,458,774,99
875,883,67,95
876,680,2992,75
877,543,810,78
878,957,2072,80
879,323,1435,71
880,578,844,96
881,220,949,99
882,979,9,64
883,769,1251,76
884,1,90,63
885,685,2608,90
886,904,2352,85
887,22,2135,97
888,425,465,66
889,806,66,66
890,827,749,93
891,156,1239,95
892,844,938,74
893,643,2836,92
894,484,2696,96
895,222,2521,74
896,532,1631,66
897,834,341,62
898,463,1594,69
899,555,1678,94
900,310,1220,74
901,501,2981,82
902,342,855,77
903,518,1942,87
904,109,1489,73
905,975,1413,86
906,481,1698,67
907,122,525,67
908,700,328,72
909,632,2966,84
910,897,1646,77
911,355,92,76
912,348,1124,86
913,580,2637,99
914,853,2575,67
915,164,2548,99
916,868,2115,96
917,652,2643,68
918,424,1622,97
919,810,2261,83
920,375,129,88
921,994,1707,61
922,91,747,73
923,469,767,72
924,665,2091,92
925,938,1957,69
926,485,692,97
927,732,2924,96
928,884,2762,60
929,604,2372,64
930,488,1738,81
931,41,1843,69
932,927,1036,84
933,512,543,88
934,947,2743,73
935,878,2320,83
936,332,2994,74
937,618,2933,100
938,391,1021,67
939,382,2801,70
940,200,562,86
941,393,2592,87
942,723,1048,97
943,88,783,76
944,846,654,60
945,921,1983,99
946,647,1923,64
947,161,1072,98
948,43,1737,71
949,487,1943,76
950,500,2056,67
951,114,1319,85
952,408,1405,86
953,728,1637,90
954,659,2253,92
955,116,2225,78
956,353,714,91
957,584,2329,64
958,825,2316,86
959,109,1580,74
960,951,36,85
961,926,1223,68
962,488,1040,98
963,859,1735,97
964,587,1401,93
965,172,1180,87
966,328,1886,99
967,761,89,92
968,157,2518,62
969,138,331,100
970,778,2388,86
971,374,906,80
972,561,1698,69
973,491,1066,89
974,556,170,86
975,320,1911,99
976,236,177,68
977,164,1689,84
978,742,2221,65
979,1,896,66
980,349,2376,73
981,90,1423,76
982,541,63,75
983,782,1931,100
984,227,147,86
985,917,2820,81
986,932,3000,88
987,167,2304,62
988,203,2990,70
989,102,1030,92
990,821,269,60
991,174,863,60
992,525,2660,88
993,367,2136,93
994,718,46,69
995,829,496,79
996,367,2882,98
997,218,2725,69
998,540,2090,81
999,233,780,78
1000,465,409,76
1001,169,1665,90
1002,408,604,76
1003,640,75,67
1004,4,1430,70
1005,348,2173,68
1006,661,1893,60
1007,393,2040,76
1008,287,1458,87
1009,216,2304,87
1010,306,1430,81
1011,623,2366,71
1012,190,582,94
1013,890,530,83
1014,638,2515,71
1015,132,1580,69
1016,757,1440,65
1017,781,870,62
1018,78,2665,76
1019,767,683,60
1020,533,2532,74
1021,144,2186,93
1022,852,1213,63
1023,678,1899,65
1024,185,2878,96
1025,514,118,88
1026,214,2899,72
1027,655,960,66
1028,360,989,87
1029,630,1675,90
1030,151,2736,78
1031,863,2636,90
1032,486,2058,89
1033,8,1260,91
1034,798,2613,60
1035,804,872,85
1036,233,2690,97
1037,545,1790,96
1038,616,79,82
1039,963,2032,85
1040,721,1602,74
1041,156,1300,72
1042,723,2873,70
1043,646,1132,86
1044,465,628,91
1045,551,2648,73
1046,560,2100,94
1047,227,1158,77
1048,828,2334,86
1049,213,838,97
1050,451,300,81
1051,108,765,66
1052,347,1260,70
1053,353,2899,93
1054,452,2330,80
1055,675,1098,71
1056,972,2436,79
1057,793,2908,100
1058,926,426,77
1059,63,1394,96
1060,628,2337,92
1061,306,2205,72
1062,601,2823,85
1063,794,2952,85
1064,163,1282,91
1065,595,214,96
1066,267,2114,95
1067,537,2233,81
1068,29,1683,98
1069,287,1863,92
1070,612,1148,96
1071,576,1932,70
1072,231,1841,93
1073,582,2919,78
1074,35,1656,64
1075,748,175,85
1076,897,808,94
1077,201,535,95
1078,153,141,92
1079,126,569,63
1080,155,1097,61
1081,450,2376,83
1082,593,130,63
1083,646,685,69
1084,917,860,68
1085,435,2328,77
1086,812,915,62
1087,303,2871,83
1088,895,1131,78
1089,643,1101,81
1090,759,477,84
1091,357,1749,80
1092,66,2546,62
1093,58,349,89
1094,443,2275,95
1095,42,1880,90
1096,374,334,87
1097,173,1543,80
1098,278,2409,79
1099,621,2899,60
1100,999,11,92
1101,878,304,88
1102,312,2461,76
1103,246,1271,83
1104,414,1410,82
1105,239,2228,89
1106,438,116,63
1107,776,2566,98
1108,623,1537,82
1109,606,2176,70
1110,730,2475,74
1111,15,927,78
1112,12,1028,100
1113,86,1833,71
1114,293,2956,63
1115,656,145,74
1116,634,2480,86
1117,163,330,82
1118,880,2814,67
1119,287,2036,89
1120,742,850,82
1121,202,1961,72
1122,95,1284,81
1123,740,770,80
1124,915,2557,78
1125,826,167,72
1126,691,1840,85
1127,285,1302,64
1128,950,2331,65
1129,559,2121,62
1130,618,1963,86
1131,176,1312,93
1132,699,2090,86
1133,722,1346,100
1134,195,1760,87
1135,454,389,98
1136,879,1102,61
1137,156,1285,84
1138,643,2518,79
1139,654,39,75
1140,562,2730,60
1141,452,60,63
1142,199,1267,65
1143,240,317,92
1144,779,1117,76
1145,891,811,65
1146,750,24,92
1147,296,2198,89
1148,77,2946,65
1149,826,2306,78
1150,961,257,76
1151,354,1396,64
1152,191,1616,76
1153,78,1640,70
1154,635,422,71
1155,467,339,97
1156,967,1066,70
1157,428,1224,100
1158,660,2578,61
1159,32,2191,95
1160,153,293,96
1161,22,1318,79
1162,396,723,71
1163,14,342,89
1164,75,2971,75
1165,413,355,98
1166,251,25,69
1167,360,135,94
1168,527,1346,61
1169,140,771,86
1170,457,186,97
1171,799,1038,61
1172,337,2139,97
1173,34,2911,87
1174,123,2509,76
1175,888,620,92
1176,99,295,70
1177,802,185,79
1178,594,3,62
1179,264,1015,68
1180,918,1467,91
1181,574,1331,88
1182,389,237,61
1183,72,1575,100
1184,297,1819,93
1185,424,2291,64
1186,490,741,83
1187,741,2445,94
1188,69,106,100
1189,964,301,99
1190,451,1064,60
1191,18,2777,69
1192,707,2072,100
1193,857,1660,85
1194,924,1842,62
1195,933,2810,67
1196,490,1073,87
1197,481,1378,75
1198,98,493,84
1199,276,371,62
1200,879,801,72
1201,771,567,69
1202,209,1233,63
1203,861,612,72
1204,622,1927,91
1205,719,2482,80
1206,983,2519,88
1207,498,1425,87
1208,848,1679,70
1209,249,2553,100
1210,886,1029,74
1211,93,1023,90
1212,952,1897,82
1213,506,504,90
1214,742,2625,72
1215,657,165,73
1216,518,1736,72
1217,392,196,93
1218,836,555,90
1219,787,99,65
1220,160,2627,100
1221,938,1356,62
1222,672,1249,99
1223,805,1682,68
1224,142,2856,90
1225,538,1400,61
1226,652,143,88
1227,946,1825,89
1228,627,170,78
1229,545,1026,97
1230,600,468,95
1231,286,76,80
1232,701,123,69
1233,112,1190,72
1234,87,2576,62
1235,558,1306,68
1236,612,2201,60
1237,939,2486,61
1238,349,2936,96
1239,115,876,99
1240,851,2779,88
1241,508,1223,76
1242,427,1759,79
1243,542,1540,97
1244,640,2753,71
1245,986,1228,88
1246,900,1112,68
1247,405,2454,68
1248,602,212,98
1249,764,1099,86
1250,908,1647,79
1251,409,1347,88
1252,58,129,98
1253,744,2053,80
1254,322,599,85
1255,816,2596,78
1256,892,2977,70
1257,841,2759,98
1258,295,2334,75
1259,803,1846,98
1260,743,2987,75
1261,101,111,94
1262,412,1350,96
1263,694,2681,78
1264,8,1455,83
1265,961,1194,100
1266,197,369,100
1267,561,2172,91
1268,92,2222,94
1269,87,335,78
1270,782,270,63
1271,294,2365,79
1272,539,2129,91
1273,75,2373,78
1274,899,2242,83
1275,209,2015,100
1276,36,851,92
1277,200,1746,96
1278,427,731,75
1279,936,2190,94
1280,28,1472,80
1281,533,2861,88
1282,943,1116,69
1283,463,2259,80
1284,683,522,73
1285,820,569,74
1286,616,227,94
1287,179,2985,87
1288,226,1194,99
1289,530,2725,63
1290,282,339,66
1291,392,2804,76
1292,599,1876,90
1293,644,2259,75
1294,925,2993,66
1295,329,82,74
1296,121,2488,83
1297,961,2609,79
1298,728,1479,61
1299,943,636,72
1300,676,2300,94
1301,325,2608,62
1302,936,586,73
1303,257,967,71
1304,915,2308,94
1305,124,1030,64
1306,310,475,66
1307,854,307,84
1308,623,847,95
1309,149,1598,63
1310,155,2938,62
1311,820,1344,98
1312,525,235,78
1313,893,708,93
1314,931,2976,87
1315,134,2172,78
1316,141,2517,81
1317,348,1473,65
1318,645,845,90
1319,597,1698,89
1320,335,579,72
1321,465,2308,78
1322,801,300,76
1323,219,2047,95
1324,976,1928,87
1325,986,1401,66
1326,129,177,73
1327,864,2518,72
1328,512,503,81
1329,350,547,85
1330,8,325,60
1331,512,1641,98
1332,765,1386,83
1333,340,109,78
1334,456,1413,84
1335,252,2723,77
1336,610,1903,76
1337,167,2331,75
1338,85,28,76
1339,593,2221,71
1340,958,2185,98
1341,27,983,70
1342,551,1806,60
1343,252,677,79
1344,821,1574,87
1345,169,2320,65
1346,750,1455,82
1347,660,313,87
1348,383,654,66
1349,212,149,96
1350,318,1231,70
1351,155,2979,66
1352,16,2201,89
1353,885,508,78
1354,510,1054,81
1355,999,1714,72
1356,175,2160,68
1357,733,2177,68
1358,673,2250,91
1359,199,676,97
1360,674,173,97
1361,439,2747,98
1362,186,2552,79
1363,319,1305,86
1364,633,1925,73
1365,474,1258,87
1366,234,535,95
1367,934,497,79
1368,58,575,73
1369,831,1136,86
1370,758,1597,80
1371,724,2182,88
1372,490,2742,60
1373,625,24,81
1374,437,1798,90
1375,519,2152,79
1376,231,10,100
1377,295,659,83
1378,855,374,76
1379,738,593,85
1380,607,2398,71
1381,579,1602,94
1382,29,2766,76
1383,327,2376,96
1384,295,1349,63
1385,678,326,96
1386,429,977,66
1387,513,2768,68
1388,920,2605,82
1389,951,1507,80
1390,986,1997,71
1391,211,387,95
1392,731,1386,88
1393,311,2763,71
1394,446,2775,85
1395,526,1839,86
1396,516,3,74
1397,644,1764,80
1398,451,2016,99
1399,746,168,97
1400,888,2912,86
1401,673,1496,83
1402,24,42,78
1403,328,2707,87
1404,670,1971,100
1405,151,114,63
1406,147,1694,65
1407,700,866,96
1408,609,2696,81
1409,202,2396,76
1410,116,2579,69
1411,959,2491,69
1412,768,2689,68
1413,689,109,62
1414,838,2908,77
1415,590,492,75
1416,201,2003,96
1417,569,2690,63
1418,907,1758,69
1419,476,2435,60
1420,48,1705,95
1421,975,1142,73
1422,708,1823,87
1423,410,2741,72
1424,616,124,96
1425,96,864,89
1426,471,1840,80
1427,972,2149,97
1428,853,2813,95
1429,143,2298,79
1430,847,2256,75
1431,185,2930,63
1432,425,929,95
1433,216,282,77
1434,839,750,72
1435,998,2391,81
1436,22,2783,63
1437,631,2785,98
1438,452,1965,72
1439,818,2519,84
1440,221,2629,60
1441,102,2094,93
1442,298,866,93
1443,171,1953,61
1444,137,2772,92
1445,458,652,79
1446,181,1422,93
1447,805,2814,69
1448,876,1897,96
1449,348,222,96
1450,509,2249,97
1451,837,2987,85
1452,854,2,75
1453,414,525,94
1454,320,2757,83
1455,428,2207,96
1456,75,753,89
1457,520,543,93
1458,602,442,91
1459,763,6,68
1460,501,1137,60
1461,896,1619,61
1462,993,2006,73
1463,376,2039,86
1464,150,860,67
1465,694,1507,97
1466,855,2289,78
1467,786,325,98
1468,905,586,78
1469,512,2047,60
1470,691,77,96
1471,303,719,89
1472,978,2156,91
1473,562,1216,72
1474,561,2708,61
1475,589,2494,87
1476,407,2423,98
1477,245,655,77
1478,469,1043,90
1479,61,1918,97
1480,510,880,74
1481,763,1340,88
1482,406,666,67
1483,173,1234,92
1484,959,1245,95
1485,431,455,93
1486,399,2654,89
1487,143,1615,99
1488,339,879,73
1489,953,1763,67
1490,514,1893,81
1491,849,718,95
1492,390,1054,72
1493,247,1106,74
1494,14,2412,84
1495,666,980,69
1496,305,279,82
1497,277,1815,74
1498,550,1728,71
1499,768,246,85
1500,300,1847,60
1501,540,1098,79
1502,850,1643,78
1503,982,2284,77
1504,122,2860,78
1505,795,2198,83
1506,289,1783,93
1507,360,988,94
1508,992,1606,100
1509,758,1386,67
1510,422,507,79
1511,517,829,61
1512,741,1725,96
1513,336,2405,65
1514,40,1474,96
1515,298,708,84
1516,75,2837,78
1517,148,2805,97
1518,199,779,83
1519,997,1033,66
1520,732,2548,78
1521,117,2992,70
1522,603,847,96
1523,4,596,73
1524,252,2453,60
1525,558,1270,78
1526,382,2110,72
1527,424,342,77
1528,671,2130,87
1529,428,2149,71
1530,368,444,66
1531,731,2256,68
1532,726,1156,78
1533,755,128,96
1534,198,2429,80
1535,69,2634,83
1536,546,1141,82
1537,110,1895,93
1538,3,2774,66
1539,193,2173,85
1540,414,2048,73
1541,806,1004,100
1542,96,1827,86
1543,280,757,69
1544,313,2778,97
1545,851,2182,92
1546,307,1626,61
1547,574,2253,82
1548,722,1361,72
1549,34,2597,70
1550,760,2784,79
1551,610,1318,95
1552,270,2021,74
1553,567,420,89
1554,342,1499,71
1555,231,1821,66
1556,716,1620,77
1557,349,1245,78
1558,650,166,60
1559,327,115,81
1560,490,673,87
1561,369,1888,84
1562,83,1430,88
1563,30,2179,95
1564,202,667,99
1565,86,1166,100
1566,628,2388,61
1567,511,2602,62
1568,191,454,100
1569,690,1578,64
1570,742,272,89
1571,424,201,68
1572,86,504,100
1573,861,656,90
1574,389,1378,63
1575,758,196,81
1576,43,108,65
1577,66,2756,74
1578,748,2249,64
1579,758,445,95
1580,335,1062,82
1581,147,42,91
1582,978,1782,86
1583,360,2080,74
1584,56,1323,85
1585,570,633,63
1586,375,530,82
1587,601,334,96
1588,745,2550,83
1589,391,431,76
1590,521,2857,80
1591,645,1810,89
1592,941,203,82
1593,11,1708,93
1594,474,1731,99
1595,202,1047,93
1596,905,2752,69
1597,779,1854,74
1598,609,532,68
1599,388,2391,100
1600,541,2037,68
1601,363,973,63
1602,241,27,73
1603,722,1387,65
1604,652,2261,96
1605,453,2830,79
1606,250,1554,70
1607,357,2592,77
1608,517,2314,99
1609,900,2105,60
1610,297,1728,100
1611,772,813,100
1612,482,2122,70
1613,128,1849,60
1614,646,2627,74
1615,296,721,74
1616,375,2705,86
1617,141,2802,69
1618,798,74,77
1619,293,616,93
1620,551,2600,99
1621,744,435,98
1622,929,2996,99
1623,128,2064,60
1624,307,334,66
1625,860,540,99
1626,752,2959,78
1627,478,2799,65
1628,678,1635,61
1629,398,2714,93
1630,944,1684,63
1631,364,2606,88
1632,271,2548,78
1633,891,322,69
1634,860,1387,83
1635,752,2269,67
1636,923,1899,80
1637,560,818,64
1638,17,260,73
1639,298,1801,62
1640,572,806,60
1641,637,1883,74
1642,56,665,61
1643,40,1418,64
1644,391,1254,66
1645,747,601,94
1646,9,2652,74
1647,558,993,78
1648,260,2868,60
1649,656,1570,97
1650,656,2586,63
1651,38,121,83
1652,835,2964,100
1653,34,1325,75
1654,316,529,96
1655,215,2031,90
1656,307,1296,64
1657,222,2279,61
1658,433,222,67
1659,947,1156,77
1660,275,2661,89
1661,512,2920,83
1662,681,1748,73
1663,127,2852,94
1664,593,1885,87
1665,188,1025,84
1666,638,1727,70
1667,353,276,69
1668,805,472,95
1669,864,673,87
1670,897,731,82
1671,582,2172,70
1672,464,2168,61
1673,919,199,85
1674,805,1250,79
1675,350,2253,98
1676,283,2152,60
1677,923,2936,96
1678,90,161,91
1679,742,551,71
1680,123,2942,75
1681,858,2674,69
1682,499,75,79
1683,232,1010,65
1684,894,124,95
1685,178,835,100
1686,75,535,77
1687,199,2707,89
1688,130,300,73
1689,306,2667,60
1690,944,2852,92
1691,148,1167,99
1692,921,262,98
1693,689,1618,88
1694,858,581,97
1695,395,2008,66
1696,236,1905,80
1697,787,1737,65
1698,568,251,74
1699,250,148,81
1700,946,1933,89
1701,515,1891,72
1702,821,1817,61
1703,217,128,90
1704,178,2601,68
1705,269,1819,66
1706,444,2699,79
1707,831,1182,79
1708,698,80,62
1709,879,1025,92
1710,182,87,95
1711,655,1319,65
1712,529,2116,71
1713,248,1235,86
1714,622,555,61
1715,906,2329,90
1716,538,649,73
1717,467,2336,94
1718,489,827,68
1719,860,2882,65
1720,524,1044,99
1721,368,324,79
1722,644,668,78
1723,746,2137,97
1724,19,2124,72
1725,505,2780,95
1726,977,687,89
1727,16,2164,92
1728,898,913,67
1729,362,1781,96
1730,968,1180,68
1731,397,1958,81
1732,574,699,97
1733,941,749,84
1734,997,349,94
1735,99,2242,62
1736,789,2772,81
1737,694,500,97
1738,742,1626,100
1739,389,535,68
1740,990,92,64
1741,730,1057,94
1742,957,397,86
1743,464,1051,71
1744,27,137,72
1745,315,1728,93
1746,615,735,96
1747,588,1007,96
1748,720,2283,64
1749,843,525,83
1750,781,2680,96
1751,931,691,86
1752,523,1274,70
1753,681,303,67
1754,934,228,71
1755,47,217,80
1756,128,1750,65
1757,27,94,64
1758,441,2236,73
1759,840,2042,61
1760,296,2026,69
1761,511,2917,94
1762,649,773,61
1763,92,1843,66
1764,609,712,92
1765,265,2878,62
1766,708,378,81
1767,383,1552,78
1768,785,491,95
1769,220,2346,81
1770,934,2546,91
1771,617,848,85
1772,627,2388,100
1773,489,715,87
1774,21,2465,61
1775,871,1789,80
1776,49,2955,93
1777,684,232,91
1778,606,1702,80
1779,8,1751,84
1780,371,2754,66
1781,831,2511,75
1782,187,2443,99
1783,958,2894,74
1784,813,2100,99
1785,645,2330,99
1786,884,1036,94
1787,432,1432,69
1788,724,697,92
1789,745,461,67
1790,217,1375,75
1791,630,560,70
1792,739,1042,94
1793,298,1814,60
1794,278,1853,62
1795,882,1571,67
1796,871,304,95
1797,966,2185,99
1798,931,1676,87
1799,809,2838,80
1800,44,926,89
1801,191,2936,80
1802,812,1486,88
1803,707,1899,62
1804,730,2868,90
1805,60,2865,84
1806,484,2359,87
1807,802,1993,82
1808,184,1781,86
1809,652,2341,81
1810,623,1716,86
1811,59,526,97
1812,824,1648,74
1813,860,645,69
1814,346,2324,66
1815,256,2003,90
1816,778,460,76
1817,362,1627,100
1818,9,1191,97
1819,29,733,81
1820,852,1568,91
1821,694,1977,88
1822,329,2830,71
1823,184,2385,68
1824,920,2502,80
1825,419,1446,77
1826,411,2965,72
1827,880,763,69
1828,701,1988,74
1829,303,1793,95
1830,596,2436,86
1831,394,1698,86
1832,668,1887,82
1833,58,2442,61
1834,965,2684,86
1835,451,50,93
1836,199,227,63
1837,645,2295,83
1838,826,2902,97
1839,399,2284,65
1840,505,975,95
1841,6,2514,71
1842,802,41,90
1843,480,260,88
1844,65,1551,62
1845,442,2861,60
1846,184,486,71
1847,269,2678,78
1848,732,55,74
1849,112,2827,70
1850,71,2386,100
1851,483,2760,73
1852,329,1136,86
1853,685,1722,92
1854,869,1438,93
1855,573,2143,85
1856,591,632,91
1857,580,1727,76
1858,100,550,82
1859,805,2179,66
1860,185,1722,94
1861,215,795,71
1862,274,2724,89
1863,227,1507,91
1864,981,2974,76
1865,398,1332,61
1866,824,510,66
1867,798,97,84
1868,534,1156,64
1869,401,1640,79
1870,824,2003,83
1871,45,804,80
1872,801,2095,73
1873,863,2185,75
1874,940,2457,98
1875,609,314,70
1876,99,696,97
1877,32,2842,85
1878,82,2433,100
1879,530,877,63
1880,875,1938,60
1881,538,1866,72
1882,741,1445,99
1883,195,851,100
1884,950,2971,80
1885,366,968,82
1886,145,94,93
1887,271,2367,86
1888,137,1201,99
1889,86,2469,77
1890,941,2144,99
1891,330,1651,95
1892,100,1854,87
1893,121,1105,91
1894,31,8,88
1895,198,264,71
1896,543,2410,67
1897,913,140,85
1898,170,926,93
1899,901,2797,66
1900,190,1065,99
1901,476,2234,74
1902,611,2775,69
1903,443,1940,79
1904,489,297,64
1905,773,2163,80
1906,123,1625,74
1907,582,2646,93
1908,103,513,76
1909,491,2602,81
1910,284,1378,76
1911,678,456,84
1912,499,152,64
1913,421,2283,90
1914,208,457,97
1915,822,2587,69
1916,673,2834,66
1917,246,1722,92
1918,804,1498,100
1919,474,1633,71
1920,400,1080,77
1921,562,1547,91
1922,550,2828,78
1923,260,523,61
1924,685,153,64
1925,495,916,85
1926,100,1878,61
1927,543,1111,82
1928,119,2409,64
1929,532,694,70
1930,632,211,82
1931,671,86,74
1932,599,167,94
1933,372,2956,98
1934,582,744,97
1935,546,289,61
1936,869,1272,73
1937,456,345,69
1938,967,1225,70
1939,213,149,80
1940,245,652,70
1941,787,254,61
1942,693,49,75
1943,70,294,76
1944,632,2572,65
1945,629,897,93
1946,940,1168,78
1947,992,2610,82
1948,39,951,63
1949,584,1457,79
1950,155,2857,90
1951,286,205,77
1952,235,2130,62
1953,16,1766,68
1954,813,910,64
1955,792,1116,80
1956,443,477,97
1957,132,355,70
1958,178,1086,96
1959,151,325,79
1960,979,1587,90
1961,544,1662,78
1962,185,1857,70
1963,578,1406,87
1964,12,2253,85
1965,215,769,77
1966,394,117,79
1967,971,638,72
1968,394,2715,73
1969,585,1610,76
1970,243,2025,93
1971,41,56,87
1972,679,2609,98
1973,230,1764,72
1974,98,2919,83
1975,822,466,62
1976,968,956,88
1977,93,2438,66
1978,966,2975,63
1979,514,1637,60
1980,936,1192,64
1981,144,2941,63
1982,7,1653,71
1983,330,302,91
1984,101,1708,95
1985,128,1444,63
1986,747,836,75
1987,124,2037,86
1988,839,2662,63
1989,582,2350,67
1990,109,1213,80
1991,118,2386,74
1992,466,2582,99
1993,814,952,66
1994,2,1905,78
1995,506,1688,91
1996,104,1884,93
1997,672,1300,73
1998,252,2887,84
1999,624,1784,76
2000,203,1181,87
2001,229,1041,69
2002,621,2354,80
2003,315,782,73
2004,404,2710,63
2005,728,920,78
2006,564,2028,94
2007,580,982,63
2008,645,2781,100
2009,741,2594,100
2010,178,1263,84
2011,683,2953,99
2012,865,662,80
2013,655,277,78
2014,769,1566,77
2015,467,917,64
2016,315,266,99
2017,864,2401,86
2018,790,2122,64
2019,227,1337,92
2020,329,1084,97
2021,879,507,77
2022,175,689,63
2023,926,640,62
2024,404,2065,82
2025,652,2651,98
2026,991,2273,84
2027,723,1275,75
2028,418,2239,94
2029,870,2163,69
2030,139,651,68
2031,579,1098,71
2032,848,2554,92
2033,784,1071,85
2034,905,1735,63
2035,442,1746,91
2036,943,2574,100
2037,3,2210,86
2038,859,1434,95
2039,967,1766,86
2040,63,2157,95
2041,942,2179,78
2042,672,199,96
2043,635,2925,70
2044,698,2048,66
2045,160,2641,87
2046,72,896,97
2047,814,858,71
2048,576,205,71
2049,480,1044,96
2050,449,1446,92
2051,821,1799,89
2052,128,390,84
2053,746,2074,82
2054,462,834,83
2055,432,1141,61
2056,714,1103,60
2057,747,2987,76
2058,712,589,74
2059,550,2135,63
2060,326,1902,84
2061,333,1265,81
2062,27,1181,83
2063,828,359,60
2064,471,1832,78
2065,827,2423,98
2066,25,2027,87
2067,132,395,77
2068,225,286,94
2069,509,2262,94
2070,298,1042,96
2071,15,102,75
2072,462,1351,89
2073,13,705,76
2074,204,2392,82
2075,705,1396,67
2076,269,319,84
2077,113,643,81
2078,592,1057,74
2079,117,2982,91
2080,100,1422,95
2081,694,1336,99
2082,306,1800,72
2083,449,2114,78
2084,37,226,99
2085,722,1949,84
2086,275,1188,67
2087,159,1258,60
2088,207,225,100
2089,702,663,62
2090,484,2248,73
2091,600,1445,85
2092,812,967,86
2093,830,347,89
2094,151,407,91
2095,615,1127,73
2096,362,579,60
2097,538,1022,64
2098,690,1472,92
2099,837,835,80
2100,935,817,92
2101,351,741,67
2102,19,2498,93
2103,436,2939,96
2104,654,1079,77
2105,777,1836,97
2106,668,630,87
2107,373,2085,60
2108,254,622,64
2109,873,2788,61
2110,914,2077,79
2111,918,1205,85
2112,941,1831,81
2113,269,275,73
2114,686,2153,86
2115,802,97,94
2116,530,2902,70
2117,563,22,78
2118,602,2170,85
2119,89,2105,100
2120,983,1611,98
2121,681,2479,70
2122,48,2556,62
2123,1000,198,68
2124,559,1706,84
2125,783,2686,65
2126,51,876,67
2127,591,914,81
2128,95,1170,86
2129,468,1027,84
2130,904,1741,72
2131,622,1424,63
2132,85,2090,99
2133,849,2667,88
2134,791,2077,90
2135,537,811,61
2136,817,1302,77
2137,581,982,100
2138,778,898,100
2139,954,2724,95
2140,452,627,70
2141,512,2483,93
2142,782,2718,97
2143,814,2596,99
2144,324,713,62
2145,49,100,80
2146,172,2453,94
2147,598,663,92
2148,829,315,78
2149,545,2224,92
2150,704,370,70
2151,90,2555,68
2152,207,964,60
2153,15,250,98
2154,114,564,70
2155,528,761,94
2156,313,887,60
2157,96,506,64
2158,78,2017,77
2159,694,2477,98
2160,909,463,86
2161,93,2178,88
2162,108,230,65
2163,487,2799,64
2164,211,1326,80
2165,824,2776,99
2166,621,695,79
2167,1,1393,96
2168,745,801,90
2169,784,892,60
2170,615,598,78
2171,79,441,62
2172,28,803,86
2173,324,2731,75
2174,507,2391,73
2175,743,1412,83
2176,962,2410,91
2177,719,56,96
2178,821,30,85
2179,369,2640,74
2180,684,445,83
2181,745,1112,92
2182,41,2693,100
2183,169,2851,77
2184,85,2262,71
2185,587,842,97
2186,190,1582,96
2187,798,1668,81
2188,26,2009,68
2189,946,1351,88
2190,167,1152,88
2191,201,952,80
2192,780,2386,80
2193,980,1908,75
2194,960,1153,72
2195,689,1205,81
2196,781,2586,77
2197,394,70,64
2198,414,629,81
2199,89,1427,87
2200,558,1514,75
2201,931,1369,68
2202,416,862,91
2203,789,1598,97
2204,90,1247,76
2205,299,1393,93
2206,987,77,99
2207,942,1139,87
2208,674,978,97
2209,395,924,95
2210,768,1842,92
2211,533,2397,91
2212,556,1470,88
2213,32,407,74
2214,60,1964,100
2215,912,167,74
2216,28,2816,87
2217,894,1577,100
2218,114,898,84
2219,431,2468,88
2220,857,1629,72
2221,451,244,76
2222,950,1326,95
2223,339,452,99
2224,245,985,82
2225,292,2342,64
2226,259,1321,81
2227,876,2793,65
2228,480,2394,74
2229,86,2024,74
2230,996,2773,70
2231,741,2857,97
2232,268,1797,97
2233,551,2870,70
2234,926,1960,94
2235,30,2612,62
2236,58,2994,75
2237,117,915,84
2238,18,773,86
2239,658,2336,73
2240,541,244,75
2241,700,1579,64
2242,523,2156,84
2243,877,2650,78
2244,824,2578,79
2245,794,2743,80
2246,242,1512,94
2247,145,2614,60
2248,825,2535,97
2249,380,1971,73
2250,574,2728,65
2251,220,228,77
2252,37,1766,98
2253,773,359,85
2254,347,1105,95
2255,683,2885,75
2256,187,1984,82
2257,584,1129,92
2258,45,2844,79
2259,11,2141,95
2260,643,2706,74
2261,677,1358,98
2262,786,2019,89
2263,141,188,90
2264,919,2777,68
2265,431,1642,87
2266,599,2385,96
2267,803,476,91
2268,139,1283,84
2269,598,779,77
2270,70,485,99
2271,620,91,95
2272,170,584,77
2273,323,1,70
2274,900,2141,68
2275,584,299,74
2276,52,2262,83
2277,978,822,75
2278,905,1195,68
2279,814,2294,80
2280,645,141,95
2281,937,1270,76
2282,408,1652,69
2283,184,119,88
2284,368,2802,75
2285,639,281,77
2286,757,926,100
2287,730,70,95
2288,509,103,97
2289,164,693,69
2290,934,2884,89
2291,427,2519,94
2292,789,1273,82
2293,246,1108,96
2294,197,552,78
2295,982,2953,61
2296,866,40,72
2297,307,839,70
2298,711,530,100
2299,48,2179,98
2300,845,801,62
2301,347,940,86
2302,796,364,81
2303,949,778,82
2304,731,503,78
2305,266,36,91
2306,186,929,60
2307,657,1270,93
2308,984,1115,75
2309,708,2816,86
2310,898,663,71
2311,646,1454,91
2312,696,2185,82
2313,662,1224,61
2314,732,1528,67
2315,981,2971,60
2316,519,824,63
2317,701,2898,96
2318,165,1229,68
2319,398,1178,77
2320,694,2760,82
2321,432,2453,62
2322,167,2799,87
2323,273,1286,90
2324,529,1813,74
2325,845,2906,92
2326,265,1836,84
2327,920,2142,84
2328,544,1711,100
2329,445,847,73
2330,303,2331,88
2331,72,1362,83
2332,546,1604,83
2333,666,584,87
2334,930,1212,69
2335,224,2855,74
2336,370,29,79
2337,22,2197,60
2338,43,1828,63
2339,10,153,68
2340,625,717,71
2341,938,664,78
2342,746,2178,99
2343,535,2312,60
2344,206,1246,82
2345,47,2662,82
2346,526,2924,86
2347,929,455,67
2348,764,2003,68
2349,863,620,95
2350,473,863,90
2351,464,1112,86
2352,948,2786,85
2353,439,777,72
2354,972,2905,66
2355,830,2878,87
2356,989,851,94
2357,309,2173,86
2358,612,2299,92
2359,856,662,63
2360,559,2898,74
2361,689,2035,67
2362,975,1659,95
2363,744,213,93
2364,494,687,84
2365,523,898,63
2366,992,1101,64
2367,111,2269,66
2368,563,1264,94
2369,1,342,63
2370,555,2951,61
2371,805,1206,100
2372,493,1371,61
2373,717,2846,93
2374,767,2214,80
2375,112,1155,62
2376,205,2260,95
2377,925,1705,67
2378,805,84,67
2379,338,1188,81
2380,546,2882,85
2381,421,1159,81
2382,647,1267,90
2383,62,2395,78
2384,972,7,85
2385,311,945,67
2386,294,2808,73
2387,588,108,81
2388,908,138,70
2389,260,1624,82
2390,593,1680,94
2391,783,1921,90
2392,695,499,93
2393,886,1351,78
2394,957,2025,85
2395,205,1680,68
2396,225,2391,78
2397,113,2430,79
2398,170,877,66
2399,135,1234,71
2400,591,1777,65
2401,794,2968,65
2402,366,179,95
2403,78,417,71
2404,658,2396,91
2405,164,2107,75
2406,727,1459,95
2407,635,2937,90
2408,484,1093,66
2409,379,2400,72
2410,146,259,84
2411,296,2824,81
2412,925,2835,87
2413,543,2993,91
2414,693,2113,64
2415,128,1433,98
2416,997,995,66
2417,406,1104,75
2418,707,2149,88
2419,345,1800,65
2420,656,2636,82
2421,283,778,78
2422,950,1463,61
2423,172,400,94
2424,92,1961,88
2425,962,712,90
2426,778,225,97
2427,769,683,99
2428,805,2174,91
2429,349,1894,64
2430,204,2191,82
2431,161,515,88
2432,122,1281,89
2433,856,2722,80
2434,117,725,94
2435,230,1553,80
2436,814,1623,70
2437,974,2324,87
2438,40,2737,64
2439,86,2207,79
2440,182,947,61
2441,535,1507,63
2442,270,370,61
2443,516,486,67
2444,377,2354,75
2445,782,52,96
2446,981,1890,90
2447,714,822,83
2448,757,1,83
2449,533,1921,79
2450,86,2551,77
2451,478,1304,67
2452,283,981,74
2453,71,3000,64
2454,41,2970,73
2455,847,448,95
2456,857,795,81
2457,263,773,70
2458,941,1402,89
2459,677,1608,82
2460,253,1624,88
2461,10,629,86
2462,835,106,100
2463,927,329,66
2464,700,1902,69
2465,145,2150,73
2466,828,2002,73
2467,709,398,91
2468,14,290,76
2469,732,2618,95
2470,954,534,79
2471,987,2324,98
2472,700,1690,61
2473,434,1487,72
2474,558,955,63
2475,203,1618,82
2476,455,2902,62
2477,730,1063,88
2478,605,1432,61
2479,862,104,65
2480,43,2237,97
2481,16,691,65
2482,201,1953,70
2483,704,1109,89
2484,878,1878,78
2485,549,1552,76
2486,3,2045,82
2487,509,1197,80
2488,102,277,66
2489,785,62,99
2490,898,2238,81
2491,55,137,100
2492,989,102,99
2493,108,416,71
2494,286,345,97
2495,851,2554,76
2496,866,2998,94
2497,54,1433,64
2498,606,2685,74
2499,375,221,80
2500,431,743,73
2501,577,1774,61
2502,583,628,77
2503,690,2486,70
2504,759,219,100
2505,554,2789,77
2506,146,529,70
2507,764,1698,61
2508,903,2413,92
2509,185,1802,98
2510,214,869,62
2511,616,1115,61
2512,971,698,99
2513,381,2816,100
2514,172,1605,94
2515,581,114,64
2516,977,2871,71
2517,698,2842,94
2518,883,1836,60
2519,946,410,67
2520,427,2559,60
2521,161,738,73
2522,656,627,87
2523,160,2403,68
2524,533,308,64
2525,207,1652,93
2526,548,54,82
2527,375,2838,66
2528,528,265,89
2529,673,497,60
2530,322,2492,69
2531,446,2,65
2532,638,65,85
2533,500,88,78
2534,845,168,100
2535,971,2486,84
2536,464,445,63
2537,554,2670,60
2538,155,2893,81
2539,376,2197,62
2540,762,241,72
2541,361,2453,83
2542,517,281,69
2543,733,2046,71
2544,329,696,90
2545,889,274,66
2546,741,2155,83
2547,940,1551,100
2548,309,72,87
2549,10,1673,71
2550,489,1344,85
2551,847,2645,69
2552,202,2103,73
2553,907,667,83
2554,10,1814,64
2555,842,646,88
2556,278,1681,89
2557,871,2443,88
2558,628,1394,83
2559,927,2930,92
2560,123,2571,90
2561,25,455,80
2562,965,325,99
2563,695,1626,76
2564,582,1737,85
2565,268,965,99
2566,595,74,90
2567,121,2643,74
2568,461,2333,61
2569,499,1956,97
2570,567,651,94
2571,124,656,88
2572,159,2854,81
2573,657,2384,82
2574,106,1533,66
2575,445,823,76
2576,820,2913,66
2577,372,2064,71
2578,210,2591,72
2579,153,2224,86
2580,411,2343,75
2581,398,1747,63
2582,449,2628,61
2583,161,2940,80
2584,424,694,62
2585,318,316,74
2586,798,1821,95
2587,552,456,84
2588,72,2650,77
2589,864,2503,98
2590,789,2648,75
2591,229,1008,91
2592,44,1045,79
2593,18,1360,85
2594,590,1953,80
2595,940,307,88
2596,640,2085,91
2597,591,2972,94
2598,74,1106,84
2599,419,800,83
2600,87,1732,87
2601,738,2323,82
2602,101,1186,77
2603,72,2148,87
2604,719,2025,68
2605,593,2443,83
2606,646,527,63
2607,193,2807,98
2608,724,1548,87
2609,590,2891,83
2610,805,2766,88
2611,959,538,75
2612,897,970,89
2613,636,1586,73
2614,382,2480,73
2615,556,1946,73
2616,329,2773,69
2617,437,1824,67
2618,421,2511,69
2619,679,2233,88
2620,549,2400,73
2621,449,2965,73
2622,476,1325,86
2623,48,2922,75
2624,61,185,77
2625,311,1990,69
2626,399,261,65
2627,974,1649,97
2628,618,2418,69
2629,322,2684,65
2630,282,1000,68
2631,495,2300,68
2632,702,1485,73
2633,186,474,77
2634,777,161,77
2635,484,40,77
2636,462,1972,99
2637,990,384,67
2638,685,1998,72
2639,8,275,60
2640,296,120,64
2641,18,250,100
2642,772,1248,87
2643,836,1305,85
2644,167,1928,76
2645,928,315,74
2646,708,2786,90
2647,297,1755,92
2648,57,439,88
2649,564,1841,89
2650,463,1704,73
2651,981,2072,83
2652,731,2503,62
2653,259,759,78
2654,909,222,89
2655,962,587,77
2656,274,55,76
2657,287,2704,85
2658,6,1966,65
2659,691,1173,81
2660,845,424,79
2661,627,757,96
2662,226,2606,87
2663,39,555,95
2664,321,1279,88
2665,562,1885,88
2666,312,2033,86
2667,970,742,80
2668,590,2725,89
2669,117,13,60
2670,258,2600,96
2671,179,1439,79
2672,300,1768,64
2673,582,2056,75
2674,804,1571,97
2675,811,1235,85
2676,915,2920,76
2677,770,2599,81
2678,440,1906,69
2679,647,1200,77
2680,845,2820,67
2681,761,860,94
2682,74,1338,74
2683,247,1592,96
2684,252,1828,94
2685,456,2262,68
2686,694,725,82
2687,823,2080,70
2688,514,514,70
2689,873,212,99
2690,284,2778,79
2691,966,1119,63
2692,647,1231,98
2693,143,747,77
2694,293,2326,90
2695,744,1517,91
2696,968,1790,82
2697,28,1422,86
2698,625,2601,97
2699,183,302,98
2700,889,1240,76
2701,552,1594,85
2702,155,2919,89
2703,691,2434,91
2704,744,1840,76
2705,641,2521,89
2706,204,1747,79
2707,461,2752,67
2708,963,438,76
2709,669,1370,61
2710,292,1887,67
2711,206,2162,78
2712,475,1645,93
2713,136,2725,80
2714,579,201,64
2715,128,2633,77
2716,21,1600,62
2717,605,1387,77
2718,330,2346,88
2719,951,423,85
2720,300,1483,69
2721,591,1628,86
2722,129,1875,78
2723,478,1304,65
2724,568,211,80
2725,995,422,98
2726,536,681,78
2727,584,2390,68
2728,637,215,92
2729,477,2778,76
2730,295,1899,91
2731,235,1155,64
2732,651,875,79
2733,666,2986,77
2734,486,2453,95
2735,759,1121,62
2736,986,1092,95
2737,905,2163,87
2738,203,1230,62
2739,26,1713,63
2740,544,1438,100
2741,468,1626,67
2742,936,930,91
2743,175,2737,87
2744,58,1054,63
2745,947,2130,95
2746,621,2741,64
2747,756,2389,82
2748,673,2981,85
2749,115,1539,97
2750,81,1980,96
2751,351,993,98
2752,752,2587,62
2753,979,1377,64
2754,152,2570,71
2755,223,2562,87
2756,323,2608,85
2757,204,71,75
2758,853,1727,100
2759,843,2035,89
2760,907,1543,64
2761,291,2165,71
2762,902,1238,66
2763,249,1086,93
2764,271,394,62
2765,685,990,99
2766,876,413,90
2767,987,1758,91
2768,294,1634,85
2769,521,967,61
2770,27,195,74
2771,392,2577,74
2772,35,1547,81
2773,864,574,67
2774,724,2510,90
2775,475,468,96
2776,88,2719,82
2777,962,2030,74
2778,920,1687,81
2779,730,1401,78
2780,35,627,100
2781,782,2189,93
2782,918,2117,68
2783,780,1985,83
2784,846,805,75
2785,844,1698,67
2786,982,32,72
2787,665,254,89
2788,758,97,67
2789,661,1166,90
2790,883,668,100
2791,482,1096,89
2792,860,340,95
2793,758,2750,71
2794,955,70,63
2795,202,2149,66
2796,811,378,64
2797,53,1911,62
2798,6,2437,86
2799,318,1099,88
2800,21,1662,81
2801,839,120,94
2802,904,1546,72
2803,691,719,76
2804,71,129,92
2805,485,2117,76
2806,178,850,79
2807,144,836,87
2808,647,884,70
2809,60,2591,68
2810,118,813,73
2811,942,2109,61
2812,326,1644,71
2813,387,882,94
2814,677,1353,86
2815,193,136,62
2816,281,1728,87
2817,576,1577,94
2818,537,1348,89
2819,509,1297,94
2820,976,2792,87
2821,853,974,65
2822,34,2312,80
2823,851,202,87
2824,682,2357,79
2825,827,1101,77
2826,262,1736,82
2827,51,1699,74
2828,970,768,71
2829,445,2869,98
2830,736,1170,61
2831,341,2017,60
2832,679,1379,94
2833,34,1327,81
2834,101,2488,89
2835,20,965,62
2836,857,969,60
2837,17,2275,98
2838,972,1357,68
2839,869,1139,66
2840,109,813,86
2841,573,740,73
2842,99,297,93
2843,343,224,84
2844,575,2367,73
2845,744,571,97
2846,129,542,82
2847,590,986,89
2848,121,1851,85
2849,876,158,79
2850,719,2394,69
2851,613,8,65
2852,594,2180,71
2853,37,1739,61
2854,222,1647,61
2855,225,2610,64
2856,508,2769,75
2857,806,170,60
2858,26,1791,97
2859,525,2734,70
2860,292,2155,79
2861,636,2395,93
2862,886,890,67
2863,360,1175,91
2864,404,155,70
2865,475,1545,77
2866,446,1832,61
2867,968,419,87
2868,171,1519,60
2869,364,1291,84
2870,943,1556,94
2871,337,2877,68
2872,961,2040,74
2873,882,1608,79
2874,26,537,93
2875,863,2749,82
2876,797,444,77
2877,365,2650,93
2878,329,2264,66
2879,498,989,84
2880,68,1442,63
2881,482,342,81
2882,387,1942,73
2883,392,2737,98
2884,733,82,63
2885,922,668,87
2886,226,2236,85
2887,372,551,88
2888,612,1473,63
2889,831,408,61
2890,817,1680,81
2891,366,2290,94
2892,749,1208,74
2893,660,2297,68
2894,731,355,99
2895,780,1552,90
2896,493,297,70
2897,444,1786,88
2898,383,876,66
2899,554,1761,93
2900,478,2450,72
2901,200,2363,94
2902,335,2067,62
2903,203,1103,89
2904,96,80,91
2905,719,417,67
2906,1000,2785,67
2907,102,2153,70
2908,82,152,66
2909,493,81,74
2910,95,2687,90
2911,935,2029,74
2912,699,1218,74
2913,617,2321,68
2914,560,2125,73
2915,194,1706,96
2916,408,2845,87
2917,321,2997,62
2918,688,777,65
2919,610,2351,88
2920,936,1126,77
2921,750,13,97
2922,937,2738,95
2923,604,165,87
2924,943,1412,90
2925,481,1271,97
2926,405,589,97
2927,261,2470,70
2928,180,923,88
2929,329,2056,69
2930,379,1779,67
2931,539,374,89
2932,573,2108,98
2933,894,2623,62
2934,735,2186,91
2935,196,2036,62
2936,650,622,92
2937,885,2321,83
2938,703,67,98
2939,707,1067,88
2940,968,1439,90
2941,315,422,69
2942,222,2122,99
2943,607,2794,94
2944,64,1213,91
2945,82,1398,85
2946,414,1874,78
2947,780,903,88
2948,697,2258,64
2949,601,572,73
2950,308,2673,62
2951,502,929,66
2952,935,1158,81
2953,912,1299,69
2954,738,523,76
2955,264,391,94
2956,782,917,100
2957,271,532,85
2958,885,625,97
2959,559,1436,63
2960,436,825,99
2961,755,713,88
2962,485,1293,73
2963,12,1327,91
2964,340,1234,93
2965,441,1369,94
2966,34,408,84
2967,394,1415,65
2968,547,2173,66
2969,79,1812,87
2970,810,514,91
2971,990,1086,98
2972,691,2009,83
2973,38,488,69
2974,798,2817,75
2975,546,2800,98
2976,299,583,65
2977,566,73,82
2978,188,875,97
2979,738,1403,65
2980,806,494,83
2981,693,1659,79
2982,730,599,92
2983,289,1752,66
2984,296,2403,91
2985,720,671,60
2986,624,2140,92
2987,968,1629,95
2988,513,2648,92
2989,222,763,60
2990,107,1302,93
2991,101,2026,79
2992,112,2132,70
2993,274,133,86
2994,563,160,94
2995,168,278,62
2996,834,1806,99
2997,193,2571,99
2998,267,1255,82
2999,738,934,71
3000,163,1659,69
3001,566,177,65
3002,522,1079,97
3003,900,2378,96
3004,782,45,78
3005,177,2704,73
3006,174,1173,85
3007,434,1514,76
3008,749,1564,68
3009,878,657,81
3010,559,2075,67
3011,542,797,95
3012,591,1740,84
3013,998,2277,95
3014,997,2403,82
3015,384,1182,92
3016,857,1100,63
3017,44,1134,98
3018,594,2157,76
3019,654,1563,83
3020,623,2503,72
3021,345,1404,67
3022,18,39,66
3023,1000,1386,85
3024,735,2896,79
3025,467,1172,71
3026,792,206,70
3027,756,2459,72
3028,336,1928,91
3029,979,1792,64
3030,103,2486,90
3031,677,1410,93
3032,181,1321,60
3033,852,2805,84
3034,310,922,74
3035,651,2201,83
3036,566,142,85
3037,572,668,95
3038,79,701,60
3039,729,2405,75
3040,1,481,98
3041,208,423,64
3042,492,284,90
3043,219,844,80
3044,621,1184,68
3045,548,2810,91
3046,941,721,78
3047,454,2469,60
3048,322,1757,77
3049,973,251,73
3050,393,2120,64
3051,807,2323,99
3052,189,2715,91
3053,227,628,84
3054,418,690,90
3055,840,326,94
3056,293,105,83
3057,556,1549,84
3058,742,1145,99
3059,586,2937,99
3060,732,2136,60
3061,224,2639,64
3062,572,1217,97
3063,467,478,71
3064,392,2523,87
3065,885,832,99
3066,246,2148,73
3067,149,1962,83
3068,111,2456,79
3069,393,841,97
3070,948,1423,64
3071,497,2387,86
3072,466,2682,66
3073,212,2775,67
3074,794,923,66
3075,883,1280,72
3076,153,1387,61
3077,550,2080,68
3078,836,2564,95
3079,496,2281,76
3080,467,1348,84
3081,847,308,66
3082,813,2243,88
3083,169,1983,95
3084,510,2104,69
3085,818,2815,82
3086,707,570,93
3087,376,1277,91
3088,682,1785,90
3089,768,1348,67
3090,392,2898,67
3091,964,2164,85
3092,803,198,72
3093,682,2583,67
3094,5,2739,69
3095,683,1319,82
3096,4,1082,68
3097,457,1669,89
3098,119,699,63
3099,933,737,82
3100,787,1577,87
3101,337,2271,76
3102,149,1935,90
3103,610,1720,100
3104,55,660,76
3105,707,2904,75
3106,271,2112,69
3107,125,647,72
3108,709,927,61
3109,808,2778,64
3110,333,2517,67
3111,928,2436,70
3112,291,1674,72
3113,441,359,86
3114,853,350,77
3115,119,1195,88
3116,360,336,82
3117,215,509,86
3118,647,871,84
3119,324,1688,77
3120,54,1524,74
3121,435,1514,86
3122,788,1127,89
3123,67,1736,89
3124,647,1819,83
3125,969,1978,91
3126,322,478,91
3127,515,2414,71
3128,815,1275,66
3129,689,2452,98
3130,981,1312,100
3131,507,2613,75
3132,402,1341,66
3133,876,851,98
3134,28,1634,93
3135,195,1897,71
3136,540,335,68
3137,24,320,90
3138,794,1774,73
3139,154,2655,94
3140,376,2188,84
3141,668,2740,98
3142,675,2305,77
3143,516,2323,77
3144,834,689,69
3145,530,1269,80
3146,538,1751,81
3147,757,960,89
3148,974,1479,69
3149,374,458,63
3150,374,1736,92
3151,3,1641,97
3152,466,2172,80
3153,210,1867,88
3154,451,2573,67
3155,487,1073,63
3156,883,762,70
3157,163,2956,99
3158,734,926,93
3159,78,58,68
3160,511,445,65
3161,973,1527,77
3162,43,1949,61
3163,520,165,71
3164,16,987,88
3165,733,1297,70
3166,36,2382,90
3167,638,4,81
3168,694,282,66
3169,586,2957,67
3170,413,48,62
3171,373,1405,84
3172,468,1827,68
3173,632,1550,63
3174,862,2379,85
3175,702,1241,72
3176,473,1833,76
3177,405,1640,66
3178,651,2539,80
3179,918,1360,66
3180,947,1084,73
3181,299,102,93
3182,884,2029,78
3183,661,495,80
3184,541,2821,66
3185,382,1663,88
3186,41,2579,71
3187,774,2512,96
3188,351,733,67
3189,19,2532,95
3190,31,343,67
3191,177,1963,77
3192,900,802,94
3193,9,1460,63
3194,808,2989,90
3195,94,403,91
3196,119,2170,73
3197,503,817,74
3198,547,1816,71
3199,115,183,62
3200,4,2990,94
3201,439,2876,84
3202,757,1503,61
3203,511,1411,94
3204,835,2993,73
3205,416,2234,84
3206,929,221,92
3207,324,2160,83
3208,78,2001,61
3209,325,2849,79
3210,192,1594,72
3211,792,1340,72
3212,795,860,91
3213,128,1096,71
3214,217,2825,65
3215,564,463,68
3216,147,1579,66
3217,817,2752,99
3218,268,270,76
3219,796,1357,94
3220,580,462,90
3221,594,1237,65
3222,581,285,63
3223,47,123,73
3224,104,1315,66
3225,251,883,97
3226,418,2066,93
3227,335,2486,72
3228,370,2080,62
3229,154,2604,94
3230,878,702,69
3231,51,953,89
3232,727,1448,79
3233,637,2726,91
3234,575,193,79
3235,682,2887,99
3236,585,1938,65
3237,542,882,65
3238,405,703,84
3239,57,755,62
3240,372,2187,60
3241,882,2602,95
3242,393,1702,94
3243,12,1780,91
3244,592,781,78
3245,208,1982,85
3246,173,143,94
3247,177,352,67
3248,391,1201,87
3249,829,518,64
3250,691,2709,84
3251,11,96,67
3252,493,649,87
3253,996,2700,92
3254,825,606,82
3255,779,2832,91
3256,953,517,77
3257,819,1339,72
3258,10,78,83
3259,587,2221,71
3260,355,2971,77
3261,135,2787,81
3262,244,107,90
3263,182,1677,94
3264,859,932,97
3265,258,92,64
3266,695,927,79
3267,961,2802,70
3268,498,333,84
3269,236,275,94
3270,442,27,70
3271,497,2823,84
3272,605,81,80
3273,196,1896,86
3274,976,2476,61
3275,264,2396,84
3276,710,1186,67
3277,75,1045,88
3278,996,715,69
3279,863,2854,82
3280,912,90,88
3281,209,1601,71
3282,434,2098,65
3283,739,392,68
3284,572,2009,97
3285,295,1722,78
3286,404,1502,70
3287,948,1257,73
3288,740,2624,88
3289,112,2606,69
3290,138,383,91
3291,881,45,72
3292,959,892,94
3293,150,1147,68
3294,852,2008,64
3295,58,1870,94
3296,898,769,94
3297,55,550,95
3298,447,1192,81
3299,915,2960,61
3300,251,816,86
3301,906,264,71
3302,996,2241,68
3303,956,2834,98
3304,197,106,66
3305,614,1131,71
3306,698,1838,82
3307,88,1256,95
3308,34,2011,75
3309,703,2916,95
3310,465,2756,85
3311,893,1226,74
3312,830,674,83
3313,835,1407,68
3314,413,1121,80
3315,610,292,73
3316,741,1744,65
3317,497,2046,93
3318,893,1268,85
3319,835,2382,89
3320,238,1656,92
3321,881,1823,92
3322,692,2029,99
3323,142,1730,98
3324,711,1655,94
3325,142,1644,69
3326,909,2425,74
3327,44,2260,84
3328,344,1537,91
3329,37,576,77
3330,795,2919,90
3331,98,2361,91
3332,533,1664,81
3333,446,1540,94
3334,548,1815,90
3335,13,1273,68
3336,266,2208,80
3337,985,2776,64
3338,430,1002,82
3339,852,2372,71
3340,715,2454,77
3341,345,2478,76
3342,315,1136,68
3343,280,203,88
3344,762,2730,64
3345,546,184,71
3346,938,994,92
3347,65,817,75
3348,40,1500,75
3349,484,366,69
3350,752,2000,82
3351,49,1159,78
3352,681,340,71
3353,928,2096,60
3354,462,183,80
3355,117,1135,86
3356,579,1255,71
3357,958,807,69
3358,868,2583,73
3359,109,330,96
3360,291,1863,75
3361,44,2855,71
3362,574,992,76
3363,991,2691,87
3364,807,2573,97
3365,351,102,65
3366,914,1935,91
3367,688,1802,89
3368,243,1026,87
3369,528,1215,78
3370,771,1956,94
3371,547,2326,74
3372,336,1754,87
3373,186,2995,87
3374,568,164,91
3375,725,865,95
3376,231,1365,80
3377,557,1394,66
3378,946,478,98
3379,709,2395,70
3380,113,2567,68
3381,18,60,90
3382,802,963,99
3383,765,1202,97
3384,114,1358,63
3385,694,2261,85
3386,62,1720,69
3387,571,609,69
3388,111,976,66
3389,559,1507,62
3390,116,2239,73
3391,971,2192,97
3392,229,2232,87
3393,298,1532,63
3394,630,852,97
3395,979,2488,92
3396,176,1077,80
3397,643,1013,73
3398,331,1062,89
3399,544,435,90
3400,249,203,82
3401,350,1216,98
3402,289,561,95
3403,437,1630,96
3404,323,989,71
3405,206,105,72
3406,573,1944,79
3407,917,450,96
3408,871,138,63
3409,789,2746,85
3410,365,1011,90
3411,563,2399,73
3412,877,1538,76
3413,671,559,63
3414,198,1284,69
3415,153,816,78
3416,106,1257,95
3417,242,1655,66
3418,882,695,62
3419,547,2926,68
3420,363,959,97
3421,611,984,66
3422,175,2902,78
3423,154,549,60
3424,569,1498,68
3425,610,2283,71
3426,36,1983,76
3427,340,2236,75
3428,661,837,61
3429,172,2231,99
3430,898,2283,87
3431,422,1834,94
3432,407,964,86
3433,88,971,88
3434,48,1581,88
3435,111,2056,75
3436,27,2952,68
3437,664,565,85
3438,610,2455,67
3439,358,1215,92
3440,354,300,94
3441,233,2872,76
3442,156,2078,75
3443,89,1594,95
3444,742,1788,84
3445,278,2103,88
3446,71,2593,68
3447,177,291,64
3448,418,1920,84
3449,223,604,94
3450,379,2571,92
3451,733,709,63
3452,70,238,89
3453,547,2998,82
3454,883,1319,87
3455,31,441,88
3456,284,215,90
3457,374,287,88
3458,315,1279,84
3459,620,2198,73
3460,291,2547,84
3461,481,2868,65
3462,472,2007,88
3463,824,2488,82
3464,177,163,92
3465,318,957,72
3466,727,2544,63
3467,74,1801,66
3468,648,1831,67
3469,726,1678,100
3470,333,1745,67
3471,892,604,91
3472,267,2640,64
3473,298,694,70
3474,328,2286,60
3475,385,347,96
3476,324,2364,84
3477,351,663,79
3478,368,779,92
3479,611,1538,72
3480,420,2862,100
3481,774,167,100
3482,869,2833,64
3483,245,592,61
3484,264,1572,89
3485,860,315,99
3486,462,1507,77
3487,193,1063,61
3488,672,2886,100
3489,427,897,79
3490,809,518,78
3491,61,1589,80
3492,226,1608,78
3493,44,1136,96
3494,216,386,64
3495,666,2548,88
3496,287,822,77
3497,84,1405,83
3498,775,1403,76
3499,597,20,99
3500,956,218,91
3501,556,2889,74
3502,691,1596,60
3503,751,2609,99
3504,762,389,69
3505,642,1382,89
3506,254,531,71
3507,193,525,70
3508,958,1222,62
3509,446,51,91
3510,836,2220,66
3511,233,651,90
3512,985,1596,96
3513,263,1125,82
3514,759,1742,70
3515,870,1686,72
3516,673,2403,79
3517,80,2730,71
3518,13,2095,96
3519,467,2965,82
3520,604,1161,80
3521,605,826,61
3522,910,382,65
3523,432,2877,68
3524,297,2251,71
3525,386,894,88
3526,215,2741,63
3527,679,1883,61
3528,781,368,87
3529,545,13,96
3530,59,1917,82
3531,516,2397,83
3532,47,138,84
3533,436,1771,77
3534,803,741,66
3535,611,1437,87
3536,583,313,75
3537,369,496,77
3538,570,688,64
3539,499,2873,89
3540,905,972,89
3541,284,1230,82
3542,968,2106,79
3543,921,1346,89
3544,121,2936,60
3545,728,2222,75
3546,960,1702,68
3547,318,851,67
3548,263,585,69
3549,9,643,75
3550,414,75,83
3551,714,479,71
3552,533,1525,98
3553,925,580,99
3554,574,651,92
3555,732,1362,60
3556,964,1307,68
3557,536,261,83
3558,133,2450,78
3559,802,2752,98
3560,649,1609,76
3561,272,1052,89
3562,31,137,70
3563,237,2817,95
3564,768,1232,82
3565,543,612,92
3566,39,1559,96
3567,257,1439,78
3568,314,1426,98
3569,457,2011,92
3570,561,615,76
3571,83,635,78
3572,995,710,87
3573,584,396,78
3574,461,2037,83
3575,532,1443,98
3576,720,2530,85
3577,185,43,83
3578,171,834,71
3579,206,1209,84
3580,228,2050,83
3581,116,743,69
3582,7,2482,88
3583,65,1077,79
3584,712,1341,80
3585,985,851,87
3586,124,457,73
3587,19,742,81
3588,478,725,98
3589,920,1207,68
3590,590,2223,100
3591,75,2716,90
3592,77,1697,62
3593,921,2271,97
3594,301,608,78
3595,290,465,64
3596,822,590,67
3597,95,2786,85
3598,343,635,93
3599,186,875,88
3600,675,681,90
3601,397,2814,83
3602,249,1961,87
3603,836,2514,69
3604,235,2,79
3605,384,1321,82
3606,151,914,81
3607,822,381,68
3608,861,1821,86
3609,180,617,83
3610,319,2800,85
3611,59,1583,63
3612,247,2007,68
3613,662,1207,95
3614,589,2386,81
3615,444,2310,93
3616,336,453,62
3617,307,765,70
3618,894,2906,74
3619,406,1228,64
3620,525,324,76
3621,270,1661,69
3622,971,2273,74
3623,786,972,83
3624,899,1246,65
3625,989,2211,77
3626,879,860,69
3627,842,2724,90
3628,142,1576,82
3629,583,1205,86
3630,233,175,92
3631,185,2281,64
3632,135,1621,65
3633,773,1058,67
3634,442,702,79
3635,698,1332,90
3636,723,2275,87
3637,900,1138,89
3638,475,2480,92
3639,804,2738,89
3640,780,1969,80
3641,416,995,73
3642,375,1487,78
3643,1000,2192,93
3644,382,2256,61
3645,28,1157,78
3646,512,1786,80
3647,721,2942,96
3648,431,1318,63
3649,323,1429,87
3650,89,1615,75
3651,483,2223,72
3652,715,1041,98
3653,495,2614,74
3654,126,1817,96
3655,173,811,89
3656,572,1008,96
3657,830,1320,77
3658,830,439,78
3659,192,2322,73
3660,125,765,98
3661,681,521,85
3662,707,2722,77
3663,553,2416,64
3664,898,2343,60
3665,302,855,83
3666,267,968,89
3667,147,2463,62
3668,872,1173,97
3669,92,2061,79
3670,462,1357,89
3671,476,456,88
3672,996,422,91
3673,505,1139,79
3674,508,1053,85
3675,882,265,74
3676,176,565,77
3677,833,2399,64
3678,604,1673,62
3679,389,777,85
3680,829,2574,99
3681,218,1994,65
3682,77,711,91
3683,335,723,84
3684,858,2463,76
3685,273,2534,90
3686,664,427,97
3687,592,1695,72
3688,705,2837,74
3689,916,1114,65
3690,764,1035,95
3691,703,2979,78
3692,909,661,79
3693,382,2726,80
3694,236,591,99
3695,604,2125,98
3696,33,1408,70
3697,989,2802,78
3698,862,1011,75
3699,996,2430,90
3700,531,201,81
3701,984,818,68
3702,104,241,74
3703,256,1918,97
3704,792,2445,93
3705,920,243,71
3706,179,755,74
3707,510,29,98
3708,116,2062,82
3709,662,19,77
3710,302,2314,65
3711,479,93,80
3712,43,2143,71
3713,802,2491,65
3714,98,2370,91
3715,331,2387,63
3716,526,1854,77
3717,402,455,94
3718,454,697,96
3719,956,1778,61
3720,581,1107,67
3721,193,1655,84
3722,189,2253,100
3723,711,550,89
3724,841,2184,100
3725,316,1057,90
3726,934,1836,98
3727,789,377,67
3728,938,94,76
3729,263,178,81
3730,552,600,65
3731,686,531,98
3732,844,133,67
3733,192,2594,80
3734,255,1170,100
3735,95,652,87
3736,395,2813,96
3737,390,265,67
3738,718,1269,83
3739,29,297,73
3740,622,215,74
3741,181,1227,90
3742,974,1171,79
3743,651,55,66
3744,486,354,90
3745,821,1405,76
3746,23,2537,88
3747,582,1792,79
3748,653,942,92
3749,397,847,76
3750,841,387,83
3751,163,951,61
3752,148,1978,86
3753,240,2161,82
3754,688,1294,89
3755,435,962,80
3756,256,2736,85
3757,180,2310,84
3758,771,2059,100
3759,283,1142,100
3760,923,1104,86
3761,93,1798,95
3762,101,1893,80
3763,461,2573,63
3764,890,1349,74
3765,11,218,97
3766,261,663,100
3767,976,1435,82
3768,450,235,73
3769,191,1629,85
3770,720,1027,100
3771,423,317,70
3772,34,2255,77
3773,175,1866,86
3774,392,793,62
3775,917,623,81
3776,528,226,87
3777,128,2810,77
3778,949,2934,67
3779,407,1209,78
3780,114,1253,77
3781,696,2586,71
3782,499,671,96
3783,636,2833,73
3784,946,1139,86
3785,100,462,86
3786,203,130,66
3787,28,1151,96
3788,81,2752,94
3789,858,969,87
3790,780,1308,89
3791,815,1196,80
3792,135,456,75
3793,985,1633,90
3794,710,2222,60
3795,477,197,63
3796,13,2193,89
3797,601,2849,77
3798,877,2165,98
3799,284,1822,96
3800,58,483,77
3801,873,1998,91
3802,638,946,94
3803,374,1650,61
3804,798,2454,74
3805,652,1241,100
3806,855,2667,93
3807,720,288,72
3808,485,2617,66
3809,572,981,75
3810,740,191,85
3811,763,1217,100
3812,761,1471,98
3813,38,991,95
3814,451,1035,90
3815,641,814,92
3816,646,495,66
3817,490,2150,80
3818,269,2979,61
3819,959,181,82
3820,23,1031,66
3821,444,1630,79
3822,790,1471,84
3823,839,1531,85
3824,976,1624,78
3825,500,2300,72
3826,134,1409,78
3827,84,250,63
3828,686,1690,79
3829,256,410,61
3830,697,336,66
3831,172,2967,70
3832,901,751,79
3833,830,1914,85
3834,840,2566,83
3835,759,1671,72
3836,918,1265,67
3837,492,2881,62
3838,538,1427,90
3839,251,1836,70
3840,65,461,92
3841,494,2719,89
3842,825,215,64
3843,367,2395,68
3844,858,1261,67
3845,691,2013,90
3846,591,2480,84
3847,507,2518,60
3848,913,147,89
3849,94,2041,79
3850,176,2984,97
3851,633,2905,100
3852,675,2879,82
3853,740,367,88
3854,624,384,98
3855,89,298,92
3856,687,1237,93
3857,450,2003,96
3858,929,2693,66
3859,430,641,70
3860,420,1459,92
3861,6,388,85
3862,801,336,77
3863,671,2056,88
3864,321,2633,71
3865,658,2491,80
3866,671,2151,73
3867,911,2451,61
3868,887,1229,96
3869,57,809,92
3870,436,2174,93
3871,319,731,79
3872,47,1850,72
3873,551,1577,87
3874,761,1783,85
3875,96,1569,75
3876,641,1882,71
3877,483,2108,89
3878,591,253,71
3879,314,1808,92
3880,161,1664,100
3881,642,1591,88
3882,260,2552,63
3883,290,1371,76
3884,948,630,96
3885,948,993,60
3886,98,2537,94
3887,823,1910,85
3888,783,314,88
3889,718,1864,71
3890,285,1754,82
3891,163,407,74
3892,98,1462,72
3893,899,1784,99
3894,840,1054,66
3895,900,1949,94
3896,692,347,85
3897,515,2987,64
3898,503,2872,74
3899,78,2170,85
3900,533,2230,87
3901,513,184,99
3902,923,1757,70
3903,64,1198,95
3904,494,2095,65
3905,881,2022,69
3906,762,1307,99
3907,734,290,82
3908,580,2058,87
3909,444,1821,88
3910,358,1734,71
3911,968,1869,84
3912,444,2600,68
3913,745,646,75
3914,959,549,90
3915,331,1944,64
3916,98,156,98
3917,130,1645,96
3918,815,1525,90
3919,252,915,100
3920,658,1824,72
3921,186,2103,78
3922,7,729,82
3923,936,1497,89
3924,451,2021,84
3925,379,1321,65
3926,113,2243,77
3927,716,559,90
3928,483,590,70
3929,852,433,85
3930,417,2536,100
3931,147,2292,100
3932,959,1216,79
3933,979,1552,97
3934,866,585,90
3935,456,2251,64
3936,814,1691,70
3937,450,1200,89
3938,812,3,92
3939,240,2543,86
3940,864,2720,97
3941,863,1402,82
3942,591,1157,99
3943,7,409,75
3944,575,2379,67
3945,106,246,89
3946,519,87,82
3947,902,796,81
3948,856,1168,91
3949,181,2440,77
3950,944,359,100
3951,47,1038,67
3952,246,1981,86
3953,411,2427,99
3954,774,57,77
3955,327,1964,68
3956,95,251,90
3957,890,1868,91
3958,969,765,61
3959,28,63,66
3960,830,966,97
3961,40,1123,82
3962,801,2418,94
3963,188,35,69
3964,322,2273,76
3965,910,1681,61
3966,368,871,91
3967,891,2275,96
3968,770,1047,78
3969,882,1550,76
3970,323,756,63
3971,484,1014,91
3972,850,2073,87
3973,785,609,79
3974,884,2449,60
3975,448,1609,68
3976,229,2676,98
3977,817,1992,66
3978,240,2534,80
3979,583,1549,94
3980,711,435,60
3981,380,168,86
3982,203,2470,72
3983,272,24,91
3984,223,2724,74
3985,472,709,86
3986,823,2522,62
3987,857,2433,70
3988,360,1980,88
3989,159,280,88
3990,45,1361,82
3991,5,1019,79
3992,579,1770,63
3993,21,494,93
3994,758,2715,94
3995,497,1507,68
3996,768,10,85
3997,793,1338,71
3998,626,1485,60
3999,46,1813,94
4000,442,2696,80
4001,586,2998,67
4002,591,2115,83
4003,221,2202,78
4004,486,907,63
4005,516,2643,79
4006,288,2806,72
4007,592,1715,60
4008,159,2687,87
4009,111,2572,96
4010,34,1676,82
4011,923,598,75
4012,637,1956,83
4013,536,1025,63
4014,236,1367,100
4015,172,1516,69
4016,459,958,72
4017,490,1079,72
4018,299,2743,74
4019,804,768,98
4020,211,2637,98
4021,475,1562,78
4022,715,1942,87
4023,435,2314,97
4024,508,2361,85
4025,321,2828,99
4026,629,1888,98
4027,250,1328,79
4028,782,2677,77
4029,951,1457,60
4030,477,895,67
4031,886,2496,81
4032,435,1733,99
4033,51,688,63
4034,301,1475,78
4035,406,2364,61
4036,596,335,97
4037,742,2883,71
4038,197,2455,84
4039,338,2973,66
4040,970,703,70
4041,718,1306,69
4042,29,2916,70
4043,943,1230,93
4044,858,2521,92
4045,426,261,83
4046,819,2148,70
4047,149,1951,63
4048,788,200,94
4049,679,1500,85
4050,715,2574,88
4051,99,2266,73
4052,159,2885,96
4053,909,2323,92
4054,690,649,96
4055,110,430,79
4056,735,1777,63
4057,160,406,94
4058,263,731,86
4059,386,2479,63
4060,330,2630,99
4061,580,587,78
4062,385,91,61
4063,328,1443,68
4064,358,2132,90
4065,179,1603,93
4066,623,590,83
4067,283,693,73
4068,302,193,98
4069,231,1353,99
4070,619,423,79
4071,770,1342,73
4072,329,2163,90
4073,213,2812,60
4074,219,2986,79
4075,506,92,95
4076,679,1115,87
4077,430,1090,94
4078,173,1669,94
4079,929,228,71
4080,142,521,71
4081,666,806,83
4082,723,131,87
4083,200,2694,67
4084,57,1171,95
4085,306,2391,62
4086,510,1756,60
4087,355,2880,71
4088,542,1320,64
4089,666,477,64
4090,449,1417,79
4091,774,1327,86
4092,567,500,64
4093,404,2588,77
4094,345,535,94
4095,363,695,78
4096,897,2571,88
4097,242,82,78
4098,447,2711,89
4099,489,1219,86
4100,104,374,96
4101,949,564,98
4102,645,1172,97
4103,54,711,93
4104,377,1733,66
4105,324,2505,66
4106,632,2607,64
4107,218,2249,80
4108,789,2416,70
4109,334,2151,73
4110,911,1722,79
4111,135,966,100
4112,505,1010,94
4113,810,1495,91
4114,169,2335,74
4115,605,547,77
4116,212,2531,91
4117,486,2812,95
4118,726,2468,75
4119,504,2111,62
4120,818,517,87
4121,11,1534,60
4122,255,2936,66
4123,497,2198,93
4124,701,1068,86
4125,61,1671,98
4126,58,1527,87
4127,343,2331,79
4128,194,2410,73
4129,211,64,99
4130,746,1619,83
4131,470,405,91
4132,917,1173,97
4133,560,2956,82
4134,754,1308,63
4135,417,2904,73
4136,495,337,69
4137,317,1877,89
4138,98,2214,76
4139,653,1463,98
4140,922,1610,99
4141,469,111,78
4142,356,2632,92
4143,153,1647,85
4144,208,173,61
4145,687,2854,97
4146,879,1964,92
4147,363,1244,87
4148,864,1878,86
4149,303,1623,82
4150,285,2377,69
4151,751,1085,88
4152,584,217,75
4153,722,660,77
4154,229,1640,73
4155,130,1355,62
4156,292,2984,84
4157,33,2526,89
4158,671,967,67
4159,420,2793,77
4160,930,1093,80
4161,257,131,67
4162,746,1223,61
4163,547,2519,80
4164,620,2118,84
4165,962,2102,86
4166,391,305,93
4167,752,1610,66
4168,453,50,92
4169,35,2948,61
4170,337,967,64
4171,604,2150,89
4172,940,255,83
4173,774,2732,67
4174,716,1524,83
4175,803,787,73
4176,303,1191,79
4177,415,603,86
4178,588,1489,75
4179,461,741,71
4180,535,723,74
4181,163,2534,66
4182,825,2701,68
4183,5,1605,84
4184,398,1063,66
4185,301,1701,97
4186,139,1258,94
4187,175,2049,69
4188,894,1578,84
4189,682,1851,61
4190,107,2977,93
4191,664,53,84
4192,362,1278,90
4193,182,1532,75
4194,363,781,99
4195,758,475,90
4196,596,1487,84
4197,249,711,66
4198,126,1867,71
4199,709,1048,68
4200,28,864,71
4201,458,590,77
4202,98,1940,90
4203,120,1016,93
4204,292,1100,87
4205,208,2372,92
4206,957,837,67
4207,474,500,60
4208,280,2142,80
4209,503,1167,67
4210,545,121,69
4211,44,209,66
4212,530,2676,69
4213,564,1092,69
4214,922,2854,62
4215,458,1854,87
4216,532,1450,92
4217,864,2548,87
4218,312,1522,69
4219,88,231,73
4220,594,84,63
4221,164,2032,100
4222,411,2579,93
4223,899,917,61
4224,229,2203,68
4225,515,363,70
4226,553,1011,66
4227,447,1052,85
4228,185,1926,95
4229,716,2014,69
4230,963,1872,100
4231,740,406,94
4232,844,1000,62
4233,939,2730,63
4234,371,1087,78
4235,747,409,77
4236,943,1677,95
4237,575,255,63
4238,99,994,97
4239,122,726,72
4240,9,2649,98
4241,779,2255,67
4242,440,425,99
4243,209,2354,80
4244,117,2513,75
4245,154,291,94
4246,526,2064,95
4247,343,489,72
4248,178,179,61
4249,495,795,69
4250,788,1727,69
4251,923,1394,64
4252,36,2301,76
4253,370,1172,85
4254,906,1477,64
4255,469,702,95
4256,770,167,100
4257,349,2699,92
4258,771,1673,92
4259,154,1170,68
4260,229,54,67
4261,147,214,91
4262,698,921,98
4263,508,171,77
4264,773,690,87
4265,711,2414,84
4266,577,38,96
4267,236,2132,83
4268,13,1407,73
4269,283,2779,70
4270,584,1381,68
4271,334,564,93
4272,599,450,63
4273,405,190,68
4274,418,2368,84
4275,77,2702,96
4276,200,1652,61
4277,277,568,67
4278,599,1296,78
4279,605,207,99
4280,390,2084,72
4281,822,1660,79
4282,915,2574,85
4283,702,629,83
4284,382,2499,87
4285,57,973,71
4286,819,2872,98
4287,721,772,96
4288,594,2615,62
4289,186,1150,94
4290,962,2929,71
4291,634,422,93
4292,544,1888,95
4293,136,683,64
4294,820,1397,78
4295,85,2350,73
4296,28,298,75
4297,632,175,95
4298,888,551,84
4299,254,997,93
4300,984,2559,70
4301,740,536,71
4302,834,2694,97
4303,231,2554,90
4304,3,1988,67
4305,681,237,86
4306,672,1325,63
4307,260,2089,79
4308,308,351,72
4309,50,717,74
4310,831,2339,79
4311,941,1767,84
4312,545,2359,84
4313,48,992,99
4314,217,756,70
4315,174,284,60
4316,167,2189,90
4317,530,1931,74
4318,52,239,92
4319,757,1885,85
4320,260,2688,63
4321,1,1778,90
4322,207,1045,73
4323,201,2806,76
4324,5,1705,97
4325,606,608,78
4326,552,554,93
4327,865,2539,64
4328,675,609,93
4329,267,276,64
4330,575,820,87
4331,247,1901,65
4332,935,2554,75
4333,580,1758,97
4334,444,2900,75
4335,906,2190,73
4336,94,1688,92
4337,753,782,79
4338,633,2186,65
4339,108,1796,88
4340,343,1089,89
4341,617,12,63
4342,557,2125,78
4343,675,445,90
4344,971,2558,92
4345,696,2799,84
4346,174,27,66
4347,477,2764,73
4348,100,315,71
4349,220,2976,85
4350,166,1788,86
4351,215,2705,65
4352,982,1237,90
4353,528,2491,85
4354,102,591,93
4355,873,2976,77
4356,913,2182,70
4357,745,2362,63
4358,825,1040,78
4359,243,2954,93
4360,853,366,77
4361,316,2091,74
4362,189,2639,83
4363,914,1084,63
4364,410,421,91
4365,340,2535,74
4366,495,192,69
4367,432,679,82
4368,707,2341,90
4369,31,30,65
4370,336,1170,69
4371,757,2746,63
4372,325,1767,84
4373,460,2014,63
4374,476,2016,90
4375,87,2983,97
4376,90,289,71
4377,443,501,79
4378,374,2512,80
4379,772,736,97
4380,339,2135,98
4381,960,598,92
4382,454,1245,85
4383,649,1589,93
4384,628,1680,62
4385,255,2001,68
4386,656,1440,84
4387,655,513,93
4388,681,2780,97
4389,153,1124,65
4390,890,574,77
4391,138,704,98
4392,946,379,96
4393,89,1343,82
4394,777,872,71
4395,837,2566,73
4396,648,1356,85
4397,832,422,68
4398,107,1845,92
4399,523,2552,91
4400,365,1328,76
4401,508,798,82
4402,213,167,87
4403,778,2997,72
4404,851,1086,63
4405,429,571,95
4406,633,1883,62
4407,570,2464,97
4408,137,777,91
4409,378,107,93
4410,130,2380,61
4411,113,2644,75
4412,774,2657,78
4413,250,499,97
4414,270,1846,91
4415,264,2699,100
4416,118,2641,96
4417,695,2966,64
4418,181,884,88
4419,96,1165,73
4420,495,71,76
4421,684,2891,60
4422,208,2384,95
4423,131,1120,76
4424,597,234,78
4425,323,1371,98
4426,1,1238,88
4427,327,885,62
4428,202,2289,82
4429,584,1029,87
4430,527,531,98
4431,87,2605,80
4432,954,105,61
4433,211,285,74
4434,399,321,70
4435,708,951,70
4436,290,2297,68
4437,421,1371,100
4438,488,2267,75
4439,786,1437,67
4440,183,718,100
4441,680,133,98
4442,186,264,94
4443,338,1218,83
4444,334,23,69
4445,741,1728,69
4446,451,2476,84
4447,922,748,89
4448,173,835,78
4449,73,1416,64
4450,871,253,62
4451,423,2460,78
4452,851,680,77
4453,811,368,100
4454,906,482,64
4455,482,2048,98
4456,685,63,95
4457,797,200,75
4458,62,251,68
4459,466,2453,76
4460,3,2509,97
4461,909,1446,82
4462,112,2423,80
4463,295,870,60
4464,167,1396,86
4465,753,1859,94
4466,188,1624,78
4467,213,1157,87
4468,872,2465,61
4469,701,2836,89
4470,839,1093,97
4471,212,849,68
4472,808,1038,72
4473,381,1557,87
4474,533,722,63
4475,270,242,88
4476,866,1181,80
4477,925,44,97
4478,872,1926,74
4479,571,1373,76
4480,510,2764,81
4481,355,578,61
4482,674,1550,60
4483,787,679,84
4484,789,2655,83
4485,577,1740,71
4486,601,897,89
4487,519,2057,79
4488,467,742,61
4489,797,445,69
4490,631,1044,81
4491,809,57,97
4492,596,2908,69
4493,421,1769,84
4494,426,2574,83
4495,146,346,89
4496,365,1001,67
4497,362,876,79
4498,705,449,86
4499,677,409,81
4500,874,1389,64
4501,714,269,89
4502,727,1325,63
4503,542,2894,84
4504,716,1654,66
4505,980,2087,92
4506,746,632,64
4507,459,2144,79
4508,397,1123,67
4509,542,865,91
4510,265,1205,84
4511,756,978,69
4512,841,1190,67
4513,315,2477,66
4514,394,2497,88
4515,533,2616,96
4516,842,837,85
4517,841,972,70
4518,661,1608,97
4519,827,2065,81
4520,690,1668,67
4521,737,2542,85
4522,991,2877,65
4523,640,2781,97
4524,329,2780,87
4525,672,211,66
4526,933,2439,90
4527,795,2487,96
4528,528,406,75
4529,826,668,96
4530,338,1417,73
4531,303,598,62
4532,405,1129,100
4533,260,723,67
4534,656,1783,90
4535,785,2296,87
4536,899,2949,80
4537,666,1048,95
4538,657,1703,69
4539,10,1536,78
4540,407,314,74
4541,365,1409,86
4542,624,69,62
4543,769,2235,79
4544,238,99,76
4545,530,2414,61
4546,108,2942,88
4547,476,1350,88
4548,190,2813,98
4549,823,2097,95
4550,810,963,60
4551,426,2838,66
4552,979,710,74
4553,55,1771,93
4554,645,652,76
4555,284,425,86
4556,507,377,80
4557,986,903,64
4558,111,850,65
4559,955,2206,97
4560,866,530,67
4561,442,728,75
4562,777,2148,65
4563,214,884,88
4564,556,1810,95
4565,561,2220,75
4566,348,2644,99
4567,585,1379,88
4568,355,2810,81
4569,401,499,81
4570,424,498,83
4571,694,88,64
4572,917,1271,76
4573,704,2537,74
4574,668,2850,64
4575,283,2727,90
4576,382,1941,93
4577,20,1824,92
4578,181,2648,69
4579,541,1652,99
4580,982,2484,71
4581,493,2545,88
4582,176,2749,77
4583,999,1864,64
4584,620,2459,60
4585,130,2294,83
4586,63,1465,89
4587,911,969,81
4588,93,1546,85
4589,739,1967,92
4590,860,892,62
4591,997,1038,63
4592,683,1655,66
4593,84,1737,87
4594,234,1925,94
4595,753,194,74
4596,692,1307,60
4597,529,599,69
4598,865,1306,87
4599,467,748,87
4600,212,1662,95
4601,598,2416,75
4602,79,2314,88
4603,56,1424,72
4604,820,819,67
4605,82,1799,88
4606,234,1365,78
4607,437,2675,62
4608,446,2840,74
4609,298,2851,73
4610,927,2360,79
4611,829,1397,85
4612,98,1984,81
4613,721,1610,64
4614,356,321,97
4615,314,459,93
4616,280,2441,68
4617,860,2511,85
4618,292,1214,90
4619,906,265,80
4620,44,514,80
4621,909,1246,68
4622,43,816,75
4623,220,2255,63
4624,192,1745,74
4625,443,2958,63
4626,804,113,93
4627,420,2163,75
4628,752,1950,82
4629,544,601,63
4630,620,2929,72
4631,830,542,70
4632,645,1681,72
4633,917,663,99
4634,670,61,99
4635,551,243,97
4636,842,2090,80
4637,530,143,89
4638,617,976,77
4639,454,158,60
4640,871,2045,63
4641,710,1894,92
4642,138,918,69
4643,455,2668,62
4644,743,2698,99
4645,622,1949,62
4646,779,2422,85
4647,883,2948,60
4648,275,2350,90
4649,268,1543,72
4650,69,377,69
4651,711,2096,66
4652,998,1280,65
4653,973,2331,91
4654,55,605,62
4655,496,756,71
4656,861,1004,96
4657,635,2330,76
4658,255,2097,98
4659,292,1855,99
4660,526,1260,94
4661,969,650,87
4662,282,2087,98
4663,706,482,60
4664,250,1162,92
4665,80,1840,99
4666,435,1298,70
4667,557,199,94
4668,943,662,60
4669,19,979,69
4670,682,754,72
4671,353,2693,92
4672,954,966,66
4673,76,925,91
4674,976,2701,61
4675,415,143,81
4676,563,1756,84
4677,980,1143,91
4678,774,2509,74
4679,210,1764,63
4680,897,1257,65
4681,48,2930,77
4682,161,2706,75
4683,712,2101,81
4684,949,1666,64
4685,661,155,72
4686,988,104,80
4687,577,709,60
4688,314,1298,64
4689,449,1680,66
4690,555,678,64
4691,71,1181,68
4692,710,2500,84
4693,935,982,72
4694,56,2918,86
4695,119,920,100
4696,635,821,83
4697,166,134,78
4698,493,1315,83
4699,452,1414,61
4700,884,1197,64
4701,396,558,61
4702,969,2512,73
4703,373,125,89
4704,4,547,62
4705,524,504,98
4706,353,2152,91
4707,853,1877,81
4708,551,843,72
4709,685,2187,96
4710,905,786,88
4711,474,1629,69
4712,649,946,65
4713,418,2919,88
4714,722,485,94
4715,701,1039,61
4716,42,145,83
4717,718,1849,60
4718,665,2049,69
4719,515,2201,60
4720,542,170,69
4721,207,1881,89
4722,462,2305,86
4723,388,2468,94
4724,277,661,77
4725,918,1740,66
4726,13,2983,97
4727,260,1921,90
4728,21,2655,89
4729,861,18,68
4730,599,194,71
4731,997,128,81
4732,934,2521,83
4733,594,54,93
4734,934,2061,83
4735,692,236,69
4736,459,1933,62
4737,868,715,71
4738,410,803,95
4739,450,2463,71
4740,978,2648,78
4741,49,2424,86
4742,91,2225,81
4743,721,1285,70
4744,96,1206,60
4745,954,502,74
4746,884,1067,89
4747,834,1460,99
4748,317,256,69
4749,475,1034,77
4750,55,2596,86
4751,633,1688,81
4752,125,1607,94
4753,893,2564,94
4754,200,338,72
4755,807,2571,68
4756,693,1215,68
4757,601,2578,99
4758,30,2257,76
4759,286,2544,85
4760,284,2937,75
4761,367,2438,75
4762,736,801,82
4763,224,1854,97
4764,116,872,87
4765,399,1412,71
4766,654,1664,72
4767,434,93,60
4768,304,701,78
4769,651,177,78
4770,970,1976,95
4771,462,1587,83
4772,264,2373,60
4773,45,2292,75
4774,997,99,75
4775,916,2183,89
4776,446,16,86
4777,891,1506,96
4778,36,1906,99
4779,502,1596,66
4780,787,1505,77
4781,119,1035,69
4782,678,779,81
4783,772,904,90
4784,113,1851,74
4785,747,2649,70
4786,737,1858,91
4787,304,696,71
4788,586,1082,79
4789,986,2207,71
4790,931,2780,93
4791,603,1359,96
4792,313,85,65
4793,615,862,78
4794,351,499,98
4795,290,2738,78
4796,171,1472,79
4797,437,864,61
4798,357,2744,88
4799,386,2686,64
4800,468,2677,83
4801,996,1370,93
4802,766,2726,67
4803,96,1654,70
4804,885,78,100
4805,510,1022,78
4806,576,900,81
4807,976,1998,68
4808,678,2925,64
4809,256,2120,92
4810,464,2425,63
4811,776,1081,66
4812,437,489,99
4813,795,523,86
4814,903,2670,74
4815,24,41,62
4816,210,1847,89
4817,749,292,82
4818,713,171,71
4819,808,2146,72
4820,150,693,82
4821,35,2056,90
4822,924,2185,92
4823,18,1895,85
4824,781,1539,79
4825,379,2334,98
4826,75,995,70
4827,929,690,73
4828,681,1731,91
4829,401,2501,93
4830,696,984,95
4831,85,2856,69
4832,606,1105,90
4833,167,422,69
4834,689,2605,66
4835,881,647,89
4836,828,1089,96
4837,960,207,81
4838,353,2972,82
4839,166,269,74
4840,649,1953,93
4841,756,1184,65
4842,43,2372,83
4843,10,1272,88
4844,408,2906,87
4845,407,868,93
4846,779,2433,96
4847,439,1956,75
4848,881,2386,67
4849,820,1528,77
4850,850,2045,89
4851,48,2599,76
4852,497,1966,96
4853,220,2417,64
4854,992,32,62
4855,453,36,74
4856,800,1487,94
4857,506,2821,91
4858,378,1941,93
4859,546,2312,75
4860,855,1962,97
4861,64,2486,79
4862,989,171,86
4863,366,2990,67
4864,601,210,86
4865,969,1845,88
4866,147,283,83
4867,743,1690,97
4868,995,82,70
4869,61,180,83
4870,448,2695,72
4871,173,2891,70
4872,866,39,68
4873,106,1777,80
4874,198,339,63
4875,169,80,71
4876,87,1133,88
4877,368,2670,78
4878,969,1850,92
4879,565,2420,66
4880,396,1009,97
4881,134,1674,62
4882,649,2365,64
4883,680,2496,86
4884,150,919,77
4885,151,2498,62
4886,700,94,63
4887,763,433,82
4888,727,2896,92
4889,208,1481,60
4890,236,540,81
4891,840,2840,96
4892,13,2078,92
4893,102,773,65
4894,780,2888,80
4895,362,1570,93
4896,367,2941,74
4897,772,2863,93
4898,188,2518,86
4899,124,1630,73
4900,403,1200,100
4901,436,471,73
4902,529,494,94
4903,242,2086,100
4904,484,742,100
4905,494,458,64
4906,689,992,89
4907,686,1392,84
4908,593,1123,97
4909,401,2614,60
4910,493,3,84
4911,317,613,79
4912,375,2590,65
4913,419,1806,71
4914,88,1786,64
4915,227,1719,81
4916,227,552,69
4917,890,1842,75
4918,782,1593,68
4919,981,1976,67
4920,326,877,73
4921,321,2451,71
4922,425,300,68
4923,178,1452,90
4924,619,2035,77
4925,861,1095,96
4926,727,1817,94
4927,653,2420,64
4928,299,909,68
4929,666,2780,76
4930,691,2805,78
4931,202,2958,70
4932,102,316,63
4933,517,1315,76
4934,428,2730,67
4935,40,1605,79
4936,712,1501,72
4937,27,34,92
4938,110,1194,69
4939,830,338,83
4940,915,2994,96
4941,653,2931,69
4942,798,1439,98
4943,876,503,98
4944,111,840,97
4945,133,2899,85
4946,692,2097,71
4947,182,157,81
4948,963,2286,77
4949,995,500,67
4950,493,2960,79
4951,829,88,67
4952,143,140,87
4953,978,2955,85
4954,152,269,81
4955,442,693,77
4956,232,2466,90
4957,215,2386,68
4958,545,822,99
4959,481,1782,86
4960,495,171,65
4961,813,1297,80
4962,150,2355,62
4963,466,977,72
4964,7,1051,69
4965,726,2052,72
4966,696,72,88
4967,945,2810,65
4968,68,1084,99
4969,656,1569,64
4970,530,1234,73
4971,658,1406,81
4972,95,2451,96
4973,809,434,61
4974,546,2209,77
4975,834,1973,62
4976,435,1506,75
4977,778,1725,66
4978,342,2037,77
4979,292,2471,92
4980,623,1363,64
4981,716,649,96
4982,634,1176,63
4983,55,242,82
4984,303,142,72
4985,874,2132,87
4986,286,1600,65
4987,568,1846,60
4988,751,1232,70
4989,659,698,63
4990,658,2057,83
4991,451,1784,97
4992,458,1840,80
4993,219,1746,65
4994,66,132,71
4995,46,1829,66
4996,881,1193,87
4997,397,2703,61
4998,704,689,68
4999,86,273,97
5000,496,2255,94
